podcast_name,slug,official_website,rss_url,apple_url,spotify_url,youtube_url,artwork_url,short_description,host_names,network_name,independent_or_network,primary_category,secondary_categories,audience_tags,country,state_or_region,city,primary_language,publishing_frequency,most_recent_episode_date,active_status,average_episode_minutes,advertising_available,inventory_types,price_type,price_amount,price_min,price_max,currency,billing_unit,media_kit_url,advertising_contact_url,advertising_contact_email,instagram_url,tiktok_url,x_url,youtube_subscribers,instagram_followers,tiktok_followers,average_video_views,audience_data_available,audience_notes,data_confidence,claim_status,verification_status,primary_source_url,secondary_source_url,last_researched_at,researcher_notes
360 With Speedy,360-with-speedy,https://www.complex.com/v/360-with-speedy,NEEDS_VERIFICATION,NEEDS_VERIFICATION,NEEDS_VERIFICATION,https://www.youtube.com/playlist?list=PLfv8hhuTqJGYmCZj6QUtmqA1vBRQlcCdx,NEEDS_VERIFICATION,"A long-form Complex interview series in which Speedy Morman explores the never-before-heard stories of musicians, actors and celebrities.",Speedy Morman (Chris Morman),Complex,network,Music,Society & Culture|TV & Film,hip-hop and celebrity interviews|entertainment culture|long-form conversation,United States,New York,New York,English,NEEDS_VERIFICATION,NEEDS_VERIFICATION,inactive,NEEDS_VERIFICATION,NEEDS_VERIFICATION,NEEDS_VERIFICATION,NEEDS_VERIFICATION,,,,,,NEEDS_VERIFICATION,NEEDS_VERIFICATION,NEEDS_VERIFICATION,NEEDS_VERIFICATION,https://www.tiktok.com/@complex,NEEDS_VERIFICATION,NEEDS_VERIFICATION,NEEDS_VERIFICATION,NEEDS_VERIFICATION,NEEDS_VERIFICATION,no,"Distributed via Complex's large owned channels; host Speedy Morman is reported to have ~2 million followers across platforms (aggregate, not a single verified metric). Show status uncertain after host's April 2026 departure.",public_source,unclaimed,unverified,https://www.complex.com/v/360-with-speedy,https://thejasminebrand.com/2026/04/27/journalist-speedy-morman-reveals-hes-going-independent-after-10-year-run-with-complex-end-of-an-incredible-era/,2026-07-23,"SEED. New York (Complex is NYC-based). ACTIVE STATUS FLAG: Speedy Morman publicly announced leaving Complex after 10+ years in April 2026 to go independent, so '360 With Speedy' as a Speedy-hosted Complex series appears to be on hiatus/ended - marked inactive pending verification of whether Complex continues the brand. Most recent Speedy-era episodes date to early 2026 (e.g., a Gelo interview ~late Jan 2026). Ad availability uncertain given the host change. Note: Speedy's new independent venture (@speedymorman) is a separate potential future entry, not yet a defined show at research time."
7PM in Brooklyn with Carmelo Anthony,7pm-in-brooklyn,NEEDS_VERIFICATION,NEEDS_VERIFICATION,https://podcasts.apple.com/us/podcast/7pm-in-brooklyn-with-carmelo-anthony/id1719570183,https://open.spotify.com/show/4sEy5p87mJ002F3NGsKIpq,https://www.youtube.com/@7PMinBrooklyn,NEEDS_VERIFICATION,"NBA legend Carmelo Anthony and The Kid Mero, with a rotating crew, discuss basketball, culture, and stories with high-profile guests each week.",Carmelo Anthony|The Kid Mero,Wave Sports + Entertainment,network,Sports,Basketball|Culture|Interview,athlete-hosted|NBA culture|Black culture-forward|sports-culture,United States,New York,Brooklyn,English,weekly,NEEDS_VERIFICATION,active,NEEDS_VERIFICATION,yes,NEEDS_VERIFICATION,,,,,,,NEEDS_VERIFICATION,https://www.wavesportsandentertainment.com/advertise,ads@wave.tv,https://www.instagram.com/7pminbrooklyn/,NEEDS_VERIFICATION,https://x.com/7pminbrooklyn,600000,286000,NEEDS_VERIFICATION,NEEDS_VERIFICATION,no,"YouTube reported over ~600K subscribers; Instagram @7pminbrooklyn ~286K followers. Rotating crew includes Rudy Gay, Monica McNutt, and Kazeem Famuyide. Confirmed active as of June 2026 press coverage.",public_source,unclaimed,unverified,https://www.bkmag.com/2026/06/25/carmelo-anthony-interview-7pm-in-brooklyn/,https://www.wavesportsandentertainment.com/advertise,2026-07-23,"Athlete-hosted NBA sports-culture show with strong Black/urban-culture positioning; a Wave Sports + Entertainment original. Advertising contact ads@wave.tv and partnerships@wave.tv are publicly listed on the Wave Sports + Entertainment site (advertise/contact pages), so advertising_available=yes with a real listed email. YouTube ~600K and IG ~286K from search aggregation; exact most-recent episode date and RSS/artwork not directly fetchable (egress policy blocked platform hosts)."
85 South Show,85-south-show,https://www.85southshow.com/,NEEDS_VERIFICATION,https://podcasts.apple.com/us/podcast/the-85-south-show-with-karlous-miller-dc-young-fly/id1070016067,NEEDS_VERIFICATION,https://www.youtube.com/The85SouthShow,NEEDS_VERIFICATION,"Comedy and culture podcast where Atlanta comedians improvise, roast callers and interview guests.",Karlous Miller|DC Young Fly|Chico Bean|Clayton English,The Black Effect Podcast Network / iHeartPodcasts,network,Comedy,Music (Hip-Hop)|Society & Culture,comedy|hip-hop|urban culture|Black culture|improv,United States,Georgia,Atlanta,English,Weekly (Fridays),NEEDS_VERIFICATION,active,NEEDS_VERIFICATION,yes,NEEDS_VERIFICATION,NEEDS_VERIFICATION,,,,,,NEEDS_VERIFICATION,https://www.85southshow.com/advertise,NEEDS_VERIFICATION,NEEDS_VERIFICATION,NEEDS_VERIFICATION,NEEDS_VERIFICATION,NEEDS_VERIFICATION,NEEDS_VERIFICATION,NEEDS_VERIFICATION,NEEDS_VERIFICATION,public_source,"Official site has dedicated Advertise, Sponsor and Contact pages. Third-party (vidIQ) data referenced ~15.31M views in a 30-day window and ~20K subscribers gained in 30 days, but total YouTube subscriber count was inconsistent across sources (a '100K+' figure appears to be an outdated or secondary channel) so left unverified.",public_source,unclaimed,unverified,https://www.85southshow.com/advertise,https://podcasts.apple.com/us/podcast/the-85-south-show-with-karlous-miller-dc-young-fly/id1070016067,2026-07-23,"Hosted by Atlanta comedians Karlous Miller, DC Young Fly and Chico Bean (Clayton English also frequently featured). Part of the Black Effect Podcast Network / iHeartPodcasts. Official site 85southshow.com has an /advertise page (URL recorded) but the page returned HTTP 403 on fetch so exact contact email/media kit unverified. Primary genre is comedy with heavy hip-hop/Black-culture positioning. YouTube subscriber total needs direct verification."
All the Smoke,all-the-smoke,https://allthesmoke.live/,NEEDS_VERIFICATION,https://podcasts.apple.com/us/podcast/all-the-smoke/id1483638752,NEEDS_VERIFICATION,https://www.youtube.com/channel/UC2ozVs4pg2K3uFLw6-0ayCQ,NEEDS_VERIFICATION,"Retired NBA champions Matt Barnes and Stephen Jackson talk basketball, culture, and life with athletes and entertainers in a candid weekly video podcast.",Matt Barnes|Stephen Jackson,iHeartPodcasts / The Black Effect Podcast Network,network,Sports,Basketball|Culture|Interview,athlete-hosted|NBA culture|Black culture-forward|sports-culture,United States,California,Los Angeles,English,weekly,2026-06-24,active,NEEDS_VERIFICATION,yes,NEEDS_VERIFICATION,,,,,,,NEEDS_VERIFICATION,NEEDS_VERIFICATION,NEEDS_VERIFICATION,https://www.instagram.com/allthesmoke/,NEEDS_VERIFICATION,https://x.com/allthesmokereal,844000,1000000,NEEDS_VERIFICATION,NEEDS_VERIFICATION,no,"Instagram @allthesmoke reported ~1M followers; YouTube reported ~844K subscribers (figure seen in search aggregation, treat as approximate). Originally a SHOWTIME production; now on iHeartPodcasts / The Black Effect network. Latest episode noted as final before summer break (June 24, 2026).",public_source,unclaimed,unverified,https://blackeffect.com/show/all-the-smoke/,https://www.forbes.com/sites/djsiddiqi/2024/10/08/matt-barnes-and-stephen-jackson-talk-success-of-all-the-smoke-podcast-and-their-long-term-career-objective/,2026-07-23,"Athlete-hosted NBA sports-culture show, strong Black/urban-culture positioning. Confirmed active on iHeart/Black Effect with a most-recent episode dated 2026-06-24. YouTube subscriber figure conflicting across sources (~844K seen); Instagram ~1M. No publicly listed advertising email located; sold via iHeartPodcasts sales. Follower/subscriber precision and RSS/Spotify/artwork could not be fetched (egress policy blocked Apple/YouTube/RSS hosts) and should be re-verified."
Angie Martinez IRL,angie-martinez-irl,https://www.angiemartinez.com/,NEEDS_VERIFICATION,https://podcasts.apple.com/us/podcast/angie-martinez-irl/id1633466636,https://open.spotify.com/show/1zfSzSLWwhGwwKJu4JZNjQ,https://www.youtube.com/@AngieMartinez,NEEDS_VERIFICATION,"Media personality Angie Martinez holds candid, in-real-life conversations with notable guests about legacy, purpose, and the complexities of life.",Angie Martinez,iHeartPodcasts / The Volume,network,Society & Culture,Music|Personal Journals,hip-hop culture|celebrity interviews|women-hosted|life and legacy,United States,New York,New York,en,weekly,2026-07-09,active,NEEDS_VERIFICATION,yes,NEEDS_VERIFICATION,NEEDS_VERIFICATION,,,,USD,NEEDS_VERIFICATION,NEEDS_VERIFICATION,https://www.iheartmedia.com/advertise,NEEDS_VERIFICATION,https://www.instagram.com/angiemartinezirl/,NEEDS_VERIFICATION,NEEDS_VERIFICATION,NEEDS_VERIFICATION,NEEDS_VERIFICATION,NEEDS_VERIFICATION,NEEDS_VERIFICATION,no,Host Angie Martinez's personal Instagram (@angiemartinez) reported ~1M and her YouTube channel (@AngieMartinez) ~299K subscribers per search results; the show-specific @angiemartinezirl follower count was not captured. Figures need on-platform verification.,public_source,unclaimed,unverified,https://www.iheart.com/podcast/1119-angie-martinez-irl-99106442/,https://www.billboard.com/music/rb-hip-hop/angie-martinez-podcast-irl-1235989109/,2026-07-23,"Produced/distributed by iHeartPodcasts in partnership with The Volume. Most recent episode confirmed July 9, 2026 (Savannah James & April McDaniel) - clearly active. Qualifies as women-hosted Black/urban culture. Advertising via iHeartMedia; no show-specific ad email publicly listed. RSS/artwork/episode length unverified due to egress-blocked podcast directories."
Assets Over Liabilities,assets-over-liabilities,https://www.revolt.tv/podcasts/assets-over-liabilities,NEEDS_VERIFICATION,https://podcasts.apple.com/us/podcast/assets-over-liabilities/id1593734125,https://open.spotify.com/show/5YMxjq0v7YdxCGN32YmpJB,NEEDS_VERIFICATION,NEEDS_VERIFICATION,"An interview podcast in which two finance educators sit down with entrepreneurs, athletes, and celebrities to break down their businesses and personal finances.",Rashad Bilal|Troy Millings,REVOLT,network,Business,Entrepreneurship|Investing,business|finance|entrepreneurship|celebrity-interviews|wealth-building,United States,NEEDS_VERIFICATION,NEEDS_VERIFICATION,English,NEEDS_VERIFICATION,NEEDS_VERIFICATION,NEEDS_VERIFICATION,NEEDS_VERIFICATION,yes,NEEDS_VERIFICATION,NEEDS_VERIFICATION,,,,USD,NEEDS_VERIFICATION,NEEDS_VERIFICATION,NEEDS_VERIFICATION,NEEDS_VERIFICATION,NEEDS_VERIFICATION,NEEDS_VERIFICATION,NEEDS_VERIFICATION,NEEDS_VERIFICATION,NEEDS_VERIFICATION,NEEDS_VERIFICATION,NEEDS_VERIFICATION,NEEDS_VERIFICATION,No public follower/subscriber figures verified. Show is distributed on the REVOLT podcast network and REVOLT's YouTube channel (episodes appear as a playlist rather than a confirmed dedicated channel).,public_source,unclaimed,unverified,https://www.revolt.tv/podcasts/assets-over-liabilities,https://podcasts.apple.com/us/podcast/assets-over-liabilities/id1593734125,2026-07-23,"Same hosts as Earn Your Leisure (Rashad Bilal, Troy Millings) but this is a distinct REVOLT-network show focused on interviewing entrepreneurs and celebrities about assets vs. liabilities. Qualifies: Black-culture business/finance. Could not confirm a 2026 episode date, so active_status set to NEEDS_VERIFICATION (the show may be seasonal or on hiatus). Advertising marked yes because REVOLT is an ad-supported network, but no show-specific ad contact/media kit found. Dedicated YouTube channel and social handles not confirmed."
"Baby, This Is Keke Palmer",baby-this-is-keke-palmer,https://wondery.com/shows/baby-this-is-keke-palmer/,NEEDS_VERIFICATION,https://podcasts.apple.com/us/podcast/baby-this-is-keke-palmer/id1668446854,NEEDS_VERIFICATION,NEEDS_VERIFICATION,NEEDS_VERIFICATION,"Actress and entertainer Keke Palmer sits down with artists, entrepreneurs and experts for honest conversations about identity, relationships, reinvention and growth.",Keke Palmer,Wondery / KeyTV,network,Society & Culture,Comedy|Personal Journals,celebrity interviews|women-hosted|culture and lifestyle|personal growth,United States,California,Los Angeles,en,weekly (Tuesdays),2026-07-21,active,80,yes,NEEDS_VERIFICATION,NEEDS_VERIFICATION,,,,USD,NEEDS_VERIFICATION,NEEDS_VERIFICATION,https://advertising.wondery.com/contact/,NEEDS_VERIFICATION,https://www.instagram.com/kekepalmerpodcast/,https://www.tiktok.com/@kekepalmerpodcast,NEEDS_VERIFICATION,NEEDS_VERIFICATION,605000,72900,NEEDS_VERIFICATION,public_source,"Show accounts reported per search results: Instagram @kekepalmerpodcast ~605K, TikTok @kekepalmerpodcast ~72.9K. Keke Palmer's personal @keke ~15M IG and @kekepalmer ~9.1M TikTok. Average episode length ~80 min (per Listen Notes). All figures from search summaries; recommend direct on-platform verification.",public_source,unclaimed,unverified,https://wondery.com/shows/baby-this-is-keke-palmer/,https://www.listennotes.com/podcasts/baby-this-is-keke-palmer-wondery-u2MSNy3hXxK/,2026-07-23,"Wondery podcast tied to Keke Palmer's KeyTV Network. Weekly Tuesday releases; recent high-profile episode with Oprah Winfrey announced/aired July 21, 2026 (an earlier confirmed episode was ep164 on Mar 24, 2026) - clearly active. Qualifies as women-hosted Black/urban culture. Advertising via Wondery (advertising.wondery.com/contact). RSS/artwork/Spotify URL unverified due to egress-blocked directories."
Big Boy's Neighborhood Podcast,big-boys-neighborhood-podcast,https://www.radiobigboy.com/,NEEDS_VERIFICATION,https://podcasts.apple.com/us/podcast/big-boys-neighborhood-podcast/id1226631281,https://open.spotify.com/show/4qc0PyKyfbpaRDJKDDKQPQ,NEEDS_VERIFICATION,NEEDS_VERIFICATION,"The podcast of Big Boy's nationally syndicated Los Angeles hip-hop morning show, featuring celebrity interviews, comedy segments and music culture.",Big Boy (Kurt Alexander),Premiere Networks / iHeartMedia (REAL 92.3),network,Music,Comedy|Society & Culture,hip-hop morning radio|celebrity interviews|Los Angeles|West Coast hip-hop culture,United States,California,Los Angeles,English,daily,NEEDS_VERIFICATION,active,NEEDS_VERIFICATION,yes,NEEDS_VERIFICATION,NEEDS_VERIFICATION,,,,,,NEEDS_VERIFICATION,https://www.premierenetworks.com/shows/big-boys-neighborhood,NEEDS_VERIFICATION,NEEDS_VERIFICATION,NEEDS_VERIFICATION,NEEDS_VERIFICATION,NEEDS_VERIFICATION,NEEDS_VERIFICATION,NEEDS_VERIFICATION,NEEDS_VERIFICATION,no,"Long-running, nationally syndicated LA hip-hop morning show; large broadcast reach but specific podcast download/follower metrics not verified. Advertising via Premiere Networks/iHeart.",public_source,unclaimed,unverified,https://www.premierenetworks.com/shows/big-boys-neighborhood,https://podcasts.apple.com/us/podcast/big-boys-neighborhood-podcast/id1226631281,2026-07-23,"SEED. Los Angeles market. Big Boy (Kurt Alexander), National Radio Hall of Fame host, runs the nationally syndicated morning show on REAL 92.3; the podcast repackages the daily show. Network/syndicated (Premiere Networks / iHeartMedia), not independent. Advertising sold through Premiere/iHeart. Social handles, YouTube channel, RSS and latest-episode date need verification."
BIG FACTS with Big Bank & DJ Scream,big-facts-big-bank-dj-scream,https://blackeffect.com/show/big-facts/,NEEDS_VERIFICATION,https://podcasts.apple.com/us/podcast/big-facts-with-big-bank-dj-scream/id1493353598,https://open.spotify.com/show/5R7VIzkag2E7wsOBZMakcq,NEEDS_VERIFICATION,NEEDS_VERIFICATION,"An Atlanta-based hip-hop interview podcast hosted by Big Bank, DJ Scream, and Baby Jade featuring unfiltered conversations with music and culture figures.",Big Bank|DJ Scream|Baby Jade,iHeart Black Effect Podcast Network,network,Music Interviews,Hip-Hop|Society & Culture|Entertainment,hip-hop|black-culture|atlanta|music-industry|urban,US,GA,Atlanta,en,weekly,2026-07-07,active,NEEDS_VERIFICATION,yes,host-read ad|sponsorship|programmatic,NEEDS_VERIFICATION,,,,USD,NEEDS_VERIFICATION,NEEDS_VERIFICATION,https://advertising.libsyn.com/BIGFACTSwithBigBankDJScream,NEEDS_VERIFICATION,https://www.instagram.com/bigfactspod/,NEEDS_VERIFICATION,NEEDS_VERIFICATION,NEEDS_VERIFICATION,184000,NEEDS_VERIFICATION,NEEDS_VERIFICATION,public_source,Instagram @bigfactspod reported ~184K followers. A dedicated Libsyn Ads advertising page exists for the show. Video versions also distributed via REVOLT. YouTube subscriber count not confirmed.,public_source,unclaimed,unverified,https://blackeffect.com/show/big-facts/,https://advertising.libsyn.com/BIGFACTSwithBigBankDJScream,2026-07-23,"iHeart Black Effect / iHeartPodcasts show with an explicit Libsyn Ads advertising page (used as advertising_contact_url); the page itself returned 403 to automated fetch, so pricing/download stats were not extractable. Official website bigfactspod.com also exists. Video distributed via REVOLT. | MERGED from batches B+C"
Brown Ambition,brown-ambition,https://brownambitionpodcast.com/,NEEDS_VERIFICATION,https://podcasts.apple.com/us/podcast/brown-ambition/id1039708229,NEEDS_VERIFICATION,NEEDS_VERIFICATION,NEEDS_VERIFICATION,"A money and career podcast for and by women of color, covering saving, investing, entrepreneurship, and smart career decisions.",Mandi Woodruff-Santos,iHeartPodcasts,network,Business,Investing|Careers,personal-finance|women-of-color|career|investing|wealth-building,United States,NEEDS_VERIFICATION,NEEDS_VERIFICATION,English,Weekly,NEEDS_VERIFICATION,active,NEEDS_VERIFICATION,yes,NEEDS_VERIFICATION,NEEDS_VERIFICATION,,,,USD,NEEDS_VERIFICATION,NEEDS_VERIFICATION,NEEDS_VERIFICATION,NEEDS_VERIFICATION,NEEDS_VERIFICATION,NEEDS_VERIFICATION,NEEDS_VERIFICATION,NEEDS_VERIFICATION,NEEDS_VERIFICATION,NEEDS_VERIFICATION,NEEDS_VERIFICATION,NEEDS_VERIFICATION,No public follower/subscriber figures verified. Notable credibility signal: won the Webby Award and People's Voice Award for Best Business Podcast (2022).,public_source,unclaimed,unverified,https://brownambitionpodcast.com/,https://podcasts.apple.com/us/podcast/brown-ambition/id1039708229,2026-07-23,"DISCOVERY. A money-and-career podcast for women of color, co-founded by personal-finance journalist Mandi Woodruff-Santos and financial educator Tiffany 'The Budgetnista' Aliche; Aliche stepped away from regular hosting in late 2024, leaving Woodruff-Santos as sole host. Joined the iHeartPodcast network in 2025. Clearly qualifies: Black/urban-culture personal finance and entrepreneurship. Treated as active (ongoing weekly show on iHeart) but I could not confirm an exact latest-episode date, so most_recent_episode_date is NEEDS_VERIFICATION. Spotify/YouTube URLs and social handles not confirmed."
Caresha Please,caresha-please,https://www.revolt.tv/podcasts/caresha-please,NEEDS_VERIFICATION,https://podcasts.apple.com/us/podcast/caresha-please/id1628914491,https://open.spotify.com/show/33r2KONipy3sXO8yRcqjYv,NEEDS_VERIFICATION,NEEDS_VERIFICATION,"Rapper Yung Miami (Caresha) hosts unfiltered interviews with hip-hop artists and entertainers about their careers, relationships, and personal lives.",Yung Miami (Caresha Brownlee),Revolt,network,Music,Society & Culture|Music Interviews,hip-hop culture|celebrity interviews|women-hosted|urban entertainment,United States,Florida,Miami,en,"biweekly (every other Thursday, when in season)",NEEDS_VERIFICATION,NEEDS_VERIFICATION,NEEDS_VERIFICATION,yes,NEEDS_VERIFICATION,NEEDS_VERIFICATION,,,,USD,NEEDS_VERIFICATION,NEEDS_VERIFICATION,NEEDS_VERIFICATION,NEEDS_VERIFICATION,https://www.instagram.com/yungmiami305/,NEEDS_VERIFICATION,NEEDS_VERIFICATION,NEEDS_VERIFICATION,NEEDS_VERIFICATION,NEEDS_VERIFICATION,NEEDS_VERIFICATION,no,"Host Yung Miami's personal Instagram (@yungmiami305) reported at roughly 6.36M followers (per search results, ~May 2026); no dedicated show-account follower count confirmed. Premiere episode (2022) reported ~1.8M YouTube views. Figures are from search summaries and need on-platform verification.",public_source,unclaimed,unverified,https://www.revolt.tv/podcasts/caresha-please,https://en.wikipedia.org/wiki/Yung_Miami,2026-07-23,"Distributed by Revolt (Diddy-founded network); airs on Revolt app, YouTube and cable plus audio platforms. Season 1 (2022) and Season 2 (premiered Aug 8 2024) confirmed; could NOT verify any 2025-2026 episodes, so activity within the ~120-day window is unconfirmed - may be on hiatus between seasons. Qualifies as women-hosted Black/urban culture. Advertising handled at network level (Revolt); no show-specific ad email publicly listed. RSS, artwork, exact episode dates and social follower counts unverified because Apple/iHeart/Spotify pages were not fetchable in this environment (egress-blocked)."
Club Shay Shay,club-shay-shay,NEEDS_VERIFICATION,NEEDS_VERIFICATION,https://podcasts.apple.com/us/podcast/club-shay-shay/id1531023690,NEEDS_VERIFICATION,https://www.youtube.com/ClubShayShay,NEEDS_VERIFICATION,"Pro Football Hall of Famer Shannon Sharpe interviews athletes, entertainers, and cultural figures over drinks in a long-form weekly show.",Shannon Sharpe,The Volume / Shay Shay Media,network,Sports,Culture|Interview|Entertainment,athlete-hosted|sports-culture|Black culture-forward|celebrity interview,United States,California,Los Angeles,English,weekly,NEEDS_VERIFICATION,active,NEEDS_VERIFICATION,yes,NEEDS_VERIFICATION,,,,,,,NEEDS_VERIFICATION,NEEDS_VERIFICATION,NEEDS_VERIFICATION,https://www.instagram.com/clubshayshay/,NEEDS_VERIFICATION,https://x.com/ClubShayShay,4260000,2000000,NEEDS_VERIFICATION,NEEDS_VERIFICATION,no,YouTube reported ~4.26M subscribers; Instagram @clubshayshay ~2M followers. Flagship long-form celebrity/athlete interview show; its viral Katt Williams episode reportedly surpassed 80M+ views. Co-produced by The Volume (Colin Cowherd's network) and Shay Shay Media; a new distribution/network deal was reportedly being negotiated in 2026 as the Volume contract neared expiry.,public_source,unclaimed,unverified,https://www.hollywoodreporter.com/business/business-news/shannon-sharpe-podcast-club-shay-shay-volume-1235572886/,https://en.wikipedia.org/wiki/Club_Shay_Shay,2026-07-23,"DISCOVERED show. Qualifies as an athlete-hosted, culture-forward sports/interview podcast with a strong Black/urban-culture audience; hosted by NFL Hall of Famer Shannon Sharpe. Very large reach (YouTube ~4.26M, IG ~2M). Network affiliation (The Volume) reportedly under renegotiation in 2026 - verify current parent. Advertising presumed available (heavily sponsored) but no publicly listed ad email found. Exact latest-episode date not fetchable (egress policy blocked platform hosts); note Sharpe faced a 2025 legal/personal controversy that affected his broadcast roles - confirm current cadence. | MERGED from batches A+E"
"Decisions, Decisions",decisions-decisions,https://blackeffect.com/show/decisions-decisions/,https://omnycontent.com/d/playlist/e73c998e-6e60-432f-8610-ae210140c5b1/89578B89-796F-4C1E-96E0-AE33005F6337/E1016988-5CFE-4C5C-A5DA-AE33005F634A/podcast.rss,https://podcasts.apple.com/us/podcast/decisions-decisions/id1224239045,https://open.spotify.com/show/71qcFqfm1Y5PAQ6tUonLR3,NEEDS_VERIFICATION,NEEDS_VERIFICATION,"Hosts Mandii B and WeezyWTF explore dating, sex, relationships and non-traditional love with candid, often-taboo conversations.",Mandii B|WeezyWTF,The Black Effect Podcast Network / iHeartPodcasts,network,Society & Culture,Relationships|Sexuality,women-hosted|sex and relationships|urban culture|candid conversations,United States,New York,New York,en,twice weekly (Mondays and Wednesdays),2026-07-07,active,NEEDS_VERIFICATION,yes,NEEDS_VERIFICATION,NEEDS_VERIFICATION,,,,USD,NEEDS_VERIFICATION,NEEDS_VERIFICATION,https://www.iheartmedia.com/advertise,NEEDS_VERIFICATION,https://www.instagram.com/_decisionsdecisions/,NEEDS_VERIFICATION,NEEDS_VERIFICATION,NEEDS_VERIFICATION,NEEDS_VERIFICATION,NEEDS_VERIFICATION,NEEDS_VERIFICATION,no,Show Instagram is @_decisionsdecisions (host handles @Fullcourtpumps for Mandii B and @Weezywtf for WeezyWTF). No follower counts verified.,public_source,unclaimed,unverified,https://blackeffect.com/show/decisions-decisions/,https://www.essence.com/entertainment/mandii-b-and-weezy-decisions-decisions/,2026-07-23,"DISCOVERED via iHeart Black Effect roster. Successor to the long-running women-hosted show WHOREible Decisions (ended 2024); rebranded as Decisions, Decisions (launched Dec 9, 2024) with a more mature 30s-focused lens. Women-hosted Black/urban sex-and-relationships culture - qualifies. Confirmed recent episodes July 6-7, 2026 (Maiya the Don; 'Selective Ignorance' segment) - active. Twice-weekly (Mon/Wed). Advertising via iHeartMedia/Black Effect."
Detroit is Different,detroit-is-different,https://detroitisdifferent.com/,NEEDS_VERIFICATION,https://podcasts.apple.com/us/channel/detroit-is-different/id6442569956,NEEDS_VERIFICATION,NEEDS_VERIFICATION,NEEDS_VERIFICATION,"A long-form Detroit culture show hosted by Khary Frazier, spotlighting the artistry, business and people that make the city a cultural mecca.",Khary Frazier,Detroit is Different Podcast Network,independent,Society & Culture,Music|Arts,Detroit culture|Black arts and business|hip-hop and soul heritage|local storytelling,United States,Michigan,Detroit,English,NEEDS_VERIFICATION,NEEDS_VERIFICATION,active,77,NEEDS_VERIFICATION,NEEDS_VERIFICATION,NEEDS_VERIFICATION,,,,,,NEEDS_VERIFICATION,https://detroitisdifferent.com/,NEEDS_VERIFICATION,NEEDS_VERIFICATION,NEEDS_VERIFICATION,NEEDS_VERIFICATION,NEEDS_VERIFICATION,NEEDS_VERIFICATION,NEEDS_VERIFICATION,NEEDS_VERIFICATION,no,Independent Detroit culture platform with a self-run podcast network (~two dozen shows) and live podcast events. Average episode ~77 minutes per public listings. Follower/subscriber metrics not verified.,public_source,unclaimed,unverified,https://detroitisdifferent.com/,https://podcast.feedspot.com/detroit_podcasts/,2026-07-23,"DISCOVERY - Detroit market. Independent Black-culture/arts show hosted by Khary Frazier, covering Detroit hip-hop heritage (e.g., episodes on J Dilla/Eminem-adjacent producers), business and artistry. Frazier also operates the Detroit is Different Podcast Network (detroitisdifferent.net) and hosts live 'podcast party' events, making him an accessible, sponsorship-friendly independent operator. Present on Apple, Spotify, YouTube, IG, TikTok, X. Exact social handles, RSS, cadence and latest-episode date need verification; listed as an active 2026 Detroit podcast."
Drink Champs,drink-champs,https://drinkchamps.com/,NEEDS_VERIFICATION,https://podcasts.apple.com/us/podcast/drink-champs/id1096830182,https://creators.spotify.com/pod/profile/drinkchamps/,NEEDS_VERIFICATION,NEEDS_VERIFICATION,Hip-hop interview podcast where hosts drink and reminisce with legends and current artists about their careers.,N.O.R.E.|DJ EFN,The Black Effect Podcast Network / iHeartPodcasts,network,Music (Hip-Hop),Society & Culture|Interviews,hip-hop|urban culture|celebrity interviews|Black culture|music history,United States,NEEDS_VERIFICATION,NEEDS_VERIFICATION,English,Weekly,NEEDS_VERIFICATION,active,NEEDS_VERIFICATION,yes,NEEDS_VERIFICATION,NEEDS_VERIFICATION,,,,,,NEEDS_VERIFICATION,NEEDS_VERIFICATION,NEEDS_VERIFICATION,NEEDS_VERIFICATION,NEEDS_VERIFICATION,NEEDS_VERIFICATION,NEEDS_VERIFICATION,NEEDS_VERIFICATION,NEEDS_VERIFICATION,NEEDS_VERIFICATION,unknown,"Distributed via The Black Effect Podcast Network, iHeart, Apple, Spotify; previously aired video on REVOLT. Specific follower/subscriber counts not verified.",public_source,unclaimed,unverified,https://blackeffect.com/show/drink-champs/,https://drinkchamps.com/about/,2026-07-23,"Hosted by Queens rapper N.O.R.E. and Miami DJ/producer DJ EFN. Now under Charlamagne's Black Effect Podcast Network (iHeart), which handles ad sales; video previously distributed via REVOLT. drinkchamps.com About page and social handles returned HTTP 403 on fetch so exact IG/YouTube URLs and counts left unverified."
Earn Your Leisure,earn-your-leisure,https://earnyourleisure.com/,NEEDS_VERIFICATION,https://podcasts.apple.com/us/podcast/earn-your-leisure/id1450211392,https://open.spotify.com/show/2S4tSSlT71Z5i8Dt1vlDJc,https://www.youtube.com/c/EarnYourLeisure,NEEDS_VERIFICATION,"A business and finance interview podcast exploring entrepreneurship, investing, and wealth-building, largely through the lens of Black culture and the entertainment and sports industries.",Rashad Bilal|Troy Millings,EYL Network,network,Business,Investing|Entrepreneurship,business|finance|entrepreneurship|wealth-building|investing,United States,NEEDS_VERIFICATION,NEEDS_VERIFICATION,English,NEEDS_VERIFICATION,NEEDS_VERIFICATION,active,NEEDS_VERIFICATION,yes,NEEDS_VERIFICATION,NEEDS_VERIFICATION,,,,USD,NEEDS_VERIFICATION,NEEDS_VERIFICATION,https://earnyourleisure.com/partner-with-us/,NEEDS_VERIFICATION,https://www.instagram.com/earnyourleisure/,NEEDS_VERIFICATION,NEEDS_VERIFICATION,1674020,2000000,NEEDS_VERIFICATION,NEEDS_VERIFICATION,yes,"YouTube subscriber count (~1.67M, June 2026) is a third-party aggregator estimate (HypeAuditor); Instagram ~2M is the publicly displayed rounded count on @earnyourleisure. Both should be re-verified directly on-platform.",public_source,unclaimed,unverified,https://earnyourleisure.com/,https://podcasts.apple.com/us/podcast/earn-your-leisure/id1450211392,2026-07-23,"Flagship show of the EYL Network (hosts Rashad Bilal, a former financial advisor, and Troy Millings, an educator); distributed in partnership with iHeartPodcasts. Clearly qualifies: Black-culture business/finance/entrepreneurship. Official site lists a Contact page and a Partner With Us page (advertising_contact_url). Apple, Spotify, and YouTube URLs confirmed via search. Exact RSS, most-recent-episode date, publishing cadence, and average length not directly viewable because Apple/YouTube/aggregator pages returned HTTP 403 to the fetch tool in this environment; marked NEEDS_VERIFICATION. Geography (NY-area) not confirmed with a primary source."
Gil's Arena,gils-arena,NEEDS_VERIFICATION,NEEDS_VERIFICATION,https://podcasts.apple.com/us/podcast/gils-arena/id1689097415,https://open.spotify.com/show/11KBsHVXPt64MAD55cJs87,https://www.youtube.com/@GilsArenaSHOW,NEEDS_VERIFICATION,"Former NBA All-Star Gilbert Arenas and co-host Josiah Johnson break down NBA news, drama, and culture with a cast of ex-players in a daily video show.",Gilbert Arenas|Josiah Johnson,"Playmaker (relaunch, from Underdog)",network,Sports,Basketball|Culture|Debate,athlete-hosted|NBA culture|Black culture-forward|sports-culture,United States,California,Los Angeles,English,daily (weekdays),NEEDS_VERIFICATION,active,NEEDS_VERIFICATION,yes,NEEDS_VERIFICATION,,,,,,,NEEDS_VERIFICATION,NEEDS_VERIFICATION,NEEDS_VERIFICATION,https://www.instagram.com/gilsarena0/,NEEDS_VERIFICATION,NEEDS_VERIFICATION,1200000,220000,NEEDS_VERIFICATION,NEEDS_VERIFICATION,no,"YouTube reported ~1.2M subscribers; official IG @gilsarena0 ~220K (Gilbert Arenas' personal @nochillgil ~1M is separate). Reported ~70M+ views annually. Show is mid-transition in 2026: Arenas split from Underdog (which shut down its content arm) and Gil's Arena is relaunching on Playmaker, airing five days a week starting August 2026.",cross_checked,unclaimed,unverified,https://barrettmedia.com/2026/07/17/gilbert-arenas-podcast-playmaker-partnership/,https://frontofficesports.com/gilbert-arenas-podcast-playmaker-underdog-exit/,2026-07-23,"Athlete-hosted NBA sports-culture show, strong Black/urban-culture positioning. IMPORTANT STATUS CHANGE: as of July 2026 Gilbert Arenas has left Underdog (Underdog closed its original content network) and signed with Playmaker; Gil's Arena relaunches on Playmaker in August 2026 (5x/week), with co-host Josiah Johnson moving over. Note the original Underdog-era 'The Arena' YouTube channel (UCAvjYgmwadC682OoC4Cc6TQ) is distinct from Arenas' controlled Gil's Arena title; verify which channel hosts new episodes after the August relaunch. Subscriber/follower figures from search aggregation; direct platform fetch blocked by egress policy."
Higher Learning with Van Lathan & Rachel Lindsay,higher-learning-van-lathan-rachel-lindsay,https://www.theringer.com/podcasts/higher-learning-van-lathan-rachel-lindsay,NEEDS_VERIFICATION,https://podcasts.apple.com/us/podcast/higher-learning-with-van-lathan-and-rachel-lindsay/id1515152489,https://open.spotify.com/show/4hI3rQ4C0e15rP3YKLKPut,https://www.youtube.com/@HigherLearning,NEEDS_VERIFICATION,"A twice-weekly podcast where Van Lathan and Rachel Lindsay break down Black culture, politics, and sports.",Van Lathan|Rachel Lindsay,The Ringer (Spotify),network,Society & Culture,News Commentary|Politics|Sports|Black Culture,black-culture|politics|sports|current-events|urban,US,CA,Los Angeles,en,twice weekly,2026-06,active,NEEDS_VERIFICATION,yes,host-read ad|sponsorship|programmatic,NEEDS_VERIFICATION,,,,USD,NEEDS_VERIFICATION,NEEDS_VERIFICATION,NEEDS_VERIFICATION,NEEDS_VERIFICATION,https://www.instagram.com/higherlearning/,NEEDS_VERIFICATION,https://x.com/Higher_Learning,NEEDS_VERIFICATION,64000,NEEDS_VERIFICATION,NEEDS_VERIFICATION,public_source,"Instagram @higherlearning reported ~64K followers. Recorded video-first at Spotify's Sycamore Studios in Hollywood. Recent 2026 episodes confirmed (e.g., early June 2026), so show is active. YouTube subscriber count not confirmed.",public_source,unclaimed,unverified,https://en.wikipedia.org/wiki/Higher_Learning_(podcast),https://www.theringer.com/podcasts/higher-learning-van-lathan-rachel-lindsay,2026-07-23,A Ringer/Spotify show; advertising handled via Spotify Audience Network / The Ringer ad sales. No standalone advertise page or contact email found. Publishes two episodes per week.
It Is What It Is,it-is-what-it-is,NEEDS_VERIFICATION,NEEDS_VERIFICATION,https://podcasts.apple.com/us/podcast/it-is-what-it-is/id1719695401,https://open.spotify.com/show/4Brb7BgCw4f4jwgS5v3sXQ,NEEDS_VERIFICATION,NEEDS_VERIFICATION,"Sports and culture talk podcast blending barbershop-style banter and commentary, hosted by rappers Cam'ron and Ma$e.",Cam'ron|Ma$e|Treasure 'Stat Baby' Wilson,Blue Wire,network,Sports,Society & Culture|Music (Hip-Hop)|Comedy,sports|hip-hop|Black culture|barbershop talk|celebrity interviews,United States,Nevada,Las Vegas,English,Multiple times per week,NEEDS_VERIFICATION,active,NEEDS_VERIFICATION,yes,NEEDS_VERIFICATION,NEEDS_VERIFICATION,,,,,,NEEDS_VERIFICATION,NEEDS_VERIFICATION,NEEDS_VERIFICATION,NEEDS_VERIFICATION,NEEDS_VERIFICATION,NEEDS_VERIFICATION,551000,NEEDS_VERIFICATION,NEEDS_VERIFICATION,NEEDS_VERIFICATION,public_source,Reported 551K+ YouTube subscribers as of April 2024 (likely higher now - re-verify). Multiple episodes exceeded 1M YouTube views since March 2023 launch. Nominated for Best Sports Podcast at the 2024 Webby Awards. Ad sales/production handled via Blue Wire partnership.,public_source,unclaimed,unverified,https://www.bluewirepods.com/post/rising-star-podcasters-ma-e-and-camron-join-blue-wires-network,https://podcasts.apple.com/us/podcast/it-is-what-it-is/id1719695401,2026-07-23,"Hosted by rappers Cam'ron and Ma$e with Treasure 'Stat Baby' Wilson; recorded at Wynn Las Vegas. Blue Wire has a sales and production partnership, so advertising is available through Blue Wire. Genre is primarily sports talk with strong hip-hop/Black-culture positioning. YouTube subscriber figure (551K) is from April 2024 and should be refreshed."
Journey to Launch,journey-to-launch,https://jamilasouffrant.com/journeytolaunch/,NEEDS_VERIFICATION,https://podcasts.apple.com/us/podcast/journey-to-launch/id1257126028,https://open.spotify.com/show/2acU3D1an3uu96YBqoLOy3,NEEDS_VERIFICATION,NEEDS_VERIFICATION,"A personal-finance podcast on the journey to financial freedom, covering increasing income, paying off debt, investing, saving, and early retirement.",Jamila Souffrant,,independent,Business,Investing|Personal Finance,financial-independence|personal-finance|investing|debt-payoff|wealth-building,United States,New York,NEEDS_VERIFICATION,English,Weekly,2026-05-27,active,NEEDS_VERIFICATION,yes,NEEDS_VERIFICATION,NEEDS_VERIFICATION,,,,USD,NEEDS_VERIFICATION,NEEDS_VERIFICATION,NEEDS_VERIFICATION,NEEDS_VERIFICATION,NEEDS_VERIFICATION,NEEDS_VERIFICATION,NEEDS_VERIFICATION,NEEDS_VERIFICATION,NEEDS_VERIFICATION,NEEDS_VERIFICATION,NEEDS_VERIFICATION,NEEDS_VERIFICATION,"No public follower/subscriber figures verified. Long-running independent show (episode counts in the high 400s by mid-2026), indicating an established audience; specific numbers need on-platform verification.",public_source,unclaimed,unverified,https://jamilasouffrant.com/journeytolaunch/,https://podcasts.apple.com/us/podcast/journey-to-launch/id1257126028,2026-07-23,"DISCOVERY. Independent financial-independence podcast hosted by Jamila Souffrant, a Certified Financial Education Instructor and author of 'Your Journey to Financial Freedom'; a prominent Black voice in the FIRE / personal-finance space. Episode 488 observed dated 2026-05-27 (within ~120 days of the research date), so active. Clearly qualifies: Black-culture personal finance/money. Independent (no network affiliation surfaced). Advertising_available set to yes because the show carries sponsorships, but no dedicated ad contact or media kit was located. Geography inferred as New York (host is publicly Brooklyn-based) but city left NEEDS_VERIFICATION."
Market Mondays,market-mondays,https://redcircle.com/shows/marketmondays,https://feeds.redcircle.com/34df7015-ce8e-4451-bfa2-dd4ffe91e8b7,https://podcasts.apple.com/us/podcast/market-mondays/id1528535502,NEEDS_VERIFICATION,NEEDS_VERIFICATION,NEEDS_VERIFICATION,"A weekly stock-market and investing podcast where the hosts break down market strategy, equities, and investing questions from listeners.",Ian Dunlap|Rashad Bilal|Troy Millings,EYL Network,network,Business,Investing|Finance,stock-market|investing|finance|wealth-building|business,United States,NEEDS_VERIFICATION,NEEDS_VERIFICATION,English,Weekly,NEEDS_VERIFICATION,active,NEEDS_VERIFICATION,yes,NEEDS_VERIFICATION,NEEDS_VERIFICATION,,,,USD,NEEDS_VERIFICATION,NEEDS_VERIFICATION,https://redcircle.com/brands,NEEDS_VERIFICATION,NEEDS_VERIFICATION,NEEDS_VERIFICATION,NEEDS_VERIFICATION,NEEDS_VERIFICATION,NEEDS_VERIFICATION,NEEDS_VERIFICATION,NEEDS_VERIFICATION,NEEDS_VERIFICATION,No show-specific public follower counts verified. Episodes are also published on the Earn Your Leisure YouTube channel; host Ian Dunlap uses the handle @themasterinvestor. RedCircle hosts the feed and routes advertising via redcircle.com/brands.,public_source,unclaimed,unverified,https://redcircle.com/shows/marketmondays,https://podcasts.apple.com/us/podcast/market-mondays/id1528535502,2026-07-23,"EYL Network stock-market show hosted by Ian Dunlap with Rashad Bilal and Troy Millings; airs Mondays. Clearly qualifies: Black-culture investing/business. RSS confirmed as a RedCircle feed; advertising handled via RedCircle brands page. Current 2026 episodes reference July 2026 market events (Michael Saylor Bitcoin sale, AI-bubble talk), so active, though I could not pin an exact latest-episode date. Dedicated Spotify/YouTube URLs and show-specific social handles not confirmed."
Million Dollaz Worth of Game,million-dollaz-worth-of-game,https://www.barstoolsports.com/shows/98/million-dollaz-worth-of-game,https://mcsorleys.barstoolsports.com/feed/million-dollaz-worth-of-game,https://podcasts.apple.com/us/podcast/million-dollaz-worth-of-game/id1460157002,https://open.spotify.com/show/2pBM5JEmMJ4DE7xddtXdZm,https://www.youtube.com/@MWORTHOFGAME,NEEDS_VERIFICATION,"A weekly hip-hop culture and interview podcast blending music, life lessons, entrepreneurship, and comedy with high-profile guests.",Gillie Da Kid|Wallo267,Barstool Sports,network,Society & Culture,Music|Entrepreneurship,hip-hop-culture|entrepreneurship|interviews|street-wisdom|entertainment,United States,NEEDS_VERIFICATION,NEEDS_VERIFICATION,English,Weekly,2026-07-05,active,NEEDS_VERIFICATION,yes,NEEDS_VERIFICATION,NEEDS_VERIFICATION,,,,USD,NEEDS_VERIFICATION,NEEDS_VERIFICATION,NEEDS_VERIFICATION,NEEDS_VERIFICATION,https://www.instagram.com/mworthofgame/,NEEDS_VERIFICATION,NEEDS_VERIFICATION,NEEDS_VERIFICATION,1000000,NEEDS_VERIFICATION,NEEDS_VERIFICATION,yes,"Instagram @mworthofgame shows a publicly displayed rounded count of ~1M followers; re-verify on-platform. Co-host Wallo267's personal accounts are much larger (~1M+ IG, ~200K YouTube) but are separate from the show handle.",public_source,unclaimed,unverified,https://www.barstoolsports.com/shows/98/million-dollaz-worth-of-game,https://podcasts.apple.com/us/podcast/million-dollaz-worth-of-game/id1460157002,2026-07-23,"Hosted by Philadelphia figures Gillie Da Kid (rapper/actor) and Wallo267 (media personality/entrepreneur); acquired by / partnered with Barstool Sports (2020/2022 deals). Primary genre is hip-hop culture/interviews rather than pure finance, but it carries a strong entrepreneurship/hustle-and-money theme, so it qualifies for an urban-culture business directory. Most recent episode observed: an ep in the 379 range dated ~2026-07-05 (Nipsey Hussle 'Prolific' discussion), so clearly active. Barstool sells the ad inventory (advertising_available yes) but no show-specific ad contact or media kit was found. RSS feed is the Barstool/McSorley's feed URL surfaced in search."
Money Making Conversations Master Class,money-making-conversations-master-class,https://www.moneymakingconversations.com/,NEEDS_VERIFICATION,https://podcasts.apple.com/us/podcast/money-making-conversations-master-class/id1264705641,https://open.spotify.com/show/3ABAQdTXqAnhGwxrsjFa5y,NEEDS_VERIFICATION,NEEDS_VERIFICATION,"A weekly interview show spotlighting small-business success and the journeys of celebrities, entrepreneurs, and influencers with practical career and financial advice.",Rushion McDonald,iHeartPodcasts,network,Business,Entrepreneurship|Careers,entrepreneurship|small-business|career|motivation|interviews,United States,Georgia,Atlanta,English,Weekly,2026-07-07,active,NEEDS_VERIFICATION,yes,NEEDS_VERIFICATION,NEEDS_VERIFICATION,,,,USD,NEEDS_VERIFICATION,NEEDS_VERIFICATION,NEEDS_VERIFICATION,NEEDS_VERIFICATION,NEEDS_VERIFICATION,NEEDS_VERIFICATION,NEEDS_VERIFICATION,NEEDS_VERIFICATION,NEEDS_VERIFICATION,NEEDS_VERIFICATION,NEEDS_VERIFICATION,NEEDS_VERIFICATION,"No public follower/subscriber figures verified. Broadcast footprint includes WCLK 91.9 FM (Clark Atlanta University, an HBCU), reported syndication across ~19 HBCU radio stations, iHeartRadio, and SiriusXM channels 141/142.",public_source,unclaimed,unverified,https://www.moneymakingconversations.com/,https://podcasts.apple.com/us/podcast/money-making-conversations-master-class/id1264705641,2026-07-23,"DISCOVERY. Found via Black-culture business podcast searches and the HBCU-radio / iHeart ecosystem. Hosted by Emmy/NAACP Image Award-winning producer and brand architect Rushion McDonald; interviews celebrities, entrepreneurs, and small-business owners on wealth-building and entrepreneurship. Airs Tuesdays from the Clark Atlanta University campus on WCLK; strong Black/HBCU cultural footprint. Most recent episode observed 2026-07-07 (guests Sly Huncho and Gary Stephens Jr.), so active. Clearly qualifies: Black-culture business/entrepreneurship. Ad sales via iHeart/syndication network; no show-specific contact or media kit found."
My Expert Opinion,my-expert-opinion,NEEDS_VERIFICATION,https://feeds.megaphone.fm/ATAUU2520790881,NEEDS_VERIFICATION,https://open.spotify.com/show/0sTMXsGbha6qYXr1J8Aq1h,https://www.youtube.com/channel/UCNvT0TFwZLziSd9C38c2Gjw,NEEDS_VERIFICATION,Hip-hop culture podcast hosted by battle rapper Math Hoffa featuring debate-style panel conversations and artist interviews.,Math Hoffa,NEEDS_VERIFICATION,NEEDS_VERIFICATION,Music (Hip-Hop),Society & Culture|Interviews,hip-hop|battle rap|urban culture|celebrity interviews|Black culture,United States,New York,New York,English,NEEDS_VERIFICATION,NEEDS_VERIFICATION,active,NEEDS_VERIFICATION,yes,NEEDS_VERIFICATION,NEEDS_VERIFICATION,,,,,,NEEDS_VERIFICATION,NEEDS_VERIFICATION,NEEDS_VERIFICATION,NEEDS_VERIFICATION,NEEDS_VERIFICATION,NEEDS_VERIFICATION,1070000,NEEDS_VERIFICATION,NEEDS_VERIFICATION,NEEDS_VERIFICATION,public_source,"Math Hoffa YouTube channel reported at ~1.07M subscribers. Podcast uses Megaphone ad-insertion (megaphone.fm/adchoices), indicating programmatic ad availability.",public_source,unclaimed,unverified,https://www.youtube.com/channel/UCNvT0TFwZLziSd9C38c2Gjw,https://open.spotify.com/show/0sTMXsGbha6qYXr1J8Aq1h,2026-07-23,"Hosted by Brooklyn battle rapper Math Hoffa. RSS is a Megaphone feed and podcast is listed on iHeart, but exact network/publisher affiliation was not clearly verified (left NEEDS_VERIFICATION). A second Spotify listing 'Math Hoffa's Expert Opinion' also exists (show/5wFO1dheWLe205SIjmWfCH) which may be a related/alternate feed. Advertising available via Megaphone dynamic ads; no direct ad-sales email verified."
New Rory & Mal,new-rory-and-mal,https://linktr.ee/newrorymal,NEEDS_VERIFICATION,https://podcasts.apple.com/us/podcast/new-rory-mal/id1572182022,NEEDS_VERIFICATION,https://www.youtube.com/channel/UCOnh0w4wdA-AkNTw3FUwAvA,NEEDS_VERIFICATION,"A conversational culture and lifestyle podcast hosted by Rory Farrell and Mal Burke covering hip-hop, relationships, and current events.",Rory Farrell|Jamil 'Mal' Clay,iHeartPodcasts / The Volume,network,Comedy,Society & Culture|Hip-Hop|Entertainment,hip-hop|black-culture|urban|pop-culture|relationships,US,NY,New York,en,weekly,NEEDS_VERIFICATION,active,NEEDS_VERIFICATION,yes,host-read ad|sponsorship,NEEDS_VERIFICATION,,,,USD,NEEDS_VERIFICATION,NEEDS_VERIFICATION,NEEDS_VERIFICATION,NEEDS_VERIFICATION,https://www.instagram.com/newrorynmal/,NEEDS_VERIFICATION,https://x.com/newrorynmal,310000,146000,NEEDS_VERIFICATION,NEEDS_VERIFICATION,public_source,YouTube @newrorynmal reported ~310K subscribers; Instagram @newrorynmal reported ~146K followers. Strong Patreon presence with bonus/unedited episodes.,public_source,unclaimed,unverified,https://podcasts.apple.com/us/podcast/new-rory-mal/id1572182022,https://www.youtube.com/@newrorynmal,2026-07-23,Hosts are ex-Joe Budden Podcast personalities. Distributed/hosted via iHeartPodcasts and The Volume per aggregator listings. Ad sales presumed handled at network level; no dedicated advertise page or contact email found. Spotify and RSS URLs not confirmed.
Nightcap,nightcap,NEEDS_VERIFICATION,NEEDS_VERIFICATION,https://podcasts.apple.com/us/podcast/nightcap/id1706534198,https://open.spotify.com/show/1oT5FXfK3tRy09hjMVJVmd,https://www.youtube.com/@NightcapShow_,NEEDS_VERIFICATION,Former NFL stars Shannon Sharpe and Chad 'Ochocinco' Johnson give unfiltered reactions to the biggest sports headlines several times a week.,Shannon Sharpe|Chad Johnson,The Volume / Shay Shay Media,network,Sports,Football|Basketball|Culture,athlete-hosted|sports-culture|Black culture-forward|sports commentary,United States,California,Los Angeles,English,multiple per week (~3x),NEEDS_VERIFICATION,active,NEEDS_VERIFICATION,yes,NEEDS_VERIFICATION,,,,,,,NEEDS_VERIFICATION,NEEDS_VERIFICATION,NEEDS_VERIFICATION,NEEDS_VERIFICATION,NEEDS_VERIFICATION,NEEDS_VERIFICATION,1600000,NEEDS_VERIFICATION,NEEDS_VERIFICATION,NEEDS_VERIFICATION,no,"YouTube reported ~1.6M subscribers (one source ~1.84M). Hosted by Shannon Sharpe and Chad 'Ochocinco' Johnson, with former NBA player Joe Johnson a frequent NBA-season co-host. Produced by The Volume and Shay Shay Media; updates roughly three times per week.",public_source,unclaimed,unverified,https://en.wikipedia.org/wiki/Nightcap_(podcast),https://barrettmedia.com/2024/12/30/nightcap-with-unc-ocho-featuring-shannon-sharpe-and-chad-ochocinco-johnson-is-instant-offense/,2026-07-23,"DISCOVERED show. Qualifies as an athlete-hosted, culture-forward sports show with a strong Black/urban-culture audience; NFL greats Shannon Sharpe and Chad Johnson. High-frequency (~3x/week) sports-commentary format under the Shay Shay/The Volume umbrella. YouTube ~1.6-1.84M subs seen; IG/TikTok handles and exact latest-episode date not verifiable via search (egress policy blocked platform hosts). Same 2026 network-renegotiation and Sharpe-controversy caveats as Club Shay Shay apply - confirm current cadence and parent network."
Podcast P with Paul George,podcast-p-with-paul-george,NEEDS_VERIFICATION,NEEDS_VERIFICATION,https://podcasts.apple.com/us/podcast/podcast-p-with-paul-george/id1675161522,https://open.spotify.com/show/2VKokYpyzJ7GptOeHRbx6W,https://www.youtube.com/@podcastpshow,NEEDS_VERIFICATION,"NBA All-Star Paul George and close friends Jackie Long and Dallas Rutherford talk basketball, life, and culture in a weekly show.",Paul George|Jackie Long|Dallas Rutherford,Wave Sports + Entertainment,network,Sports,Basketball|Culture|Interview,athlete-hosted|NBA culture|Black culture-forward|sports-culture,United States,NEEDS_VERIFICATION,NEEDS_VERIFICATION,English,weekly,NEEDS_VERIFICATION,active,NEEDS_VERIFICATION,yes,NEEDS_VERIFICATION,,,,,,,NEEDS_VERIFICATION,https://www.wavesportsandentertainment.com/advertise,ads@wave.tv,https://www.instagram.com/podcastpshow/,NEEDS_VERIFICATION,NEEDS_VERIFICATION,805000,228000,NEEDS_VERIFICATION,NEEDS_VERIFICATION,no,"YouTube reported ~805K subscribers (earlier reports 725K-784K); Instagram @podcastpshow ~228K followers. Paul George announced a hiatus during the 76ers' 2025 playoff push, but new episodes (e.g., 2026 NBA Finals reactions) indicate the show resumed.",public_source,unclaimed,unverified,https://boardroom.tv/podcast-p-with-paul-george/,https://www.wavesportsandentertainment.com/advertise,2026-07-23,"Athlete-hosted NBA sports-culture show, strong Black/urban-culture positioning; a Wave Sports + Entertainment original, so advertising via publicly listed ads@wave.tv. History of intermittent hiatuses tied to Paul George's NBA season (now with the Philadelphia 76ers); confirm current publishing cadence and exact latest-episode date, which could not be fetched directly (egress policy blocked Apple/YouTube). YouTube ~805K, IG ~228K from search aggregation."
Questlove Supreme,questlove-supreme,https://www.iheart.com/podcast/1119-the-questlove-show-53194211/,NEEDS_VERIFICATION,https://podcasts.apple.com/us/podcast/questlove-supreme/id1485250501,NEEDS_VERIFICATION,NEEDS_VERIFICATION,NEEDS_VERIFICATION,"A music-and-culture interview podcast led by Questlove and the Team Supreme co-hosts, digging deep into the lives of musical legends and cultural icons.",Questlove (Ahmir Thompson)|Bill Sherman|Laiya St. Clair|Steve Mandel|Phonte,iHeartPodcasts,network,Music Interviews,Music History|Society & Culture|Hip-Hop,music|hip-hop|black-culture|music-history|interviews,US,NY,New York,en,weekly,2025-04-30,rebranded,NEEDS_VERIFICATION,yes,host-read ad|sponsorship|programmatic,NEEDS_VERIFICATION,,,,USD,NEEDS_VERIFICATION,NEEDS_VERIFICATION,NEEDS_VERIFICATION,NEEDS_VERIFICATION,https://www.instagram.com/qls/,NEEDS_VERIFICATION,NEEDS_VERIFICATION,NEEDS_VERIFICATION,176000,NEEDS_VERIFICATION,NEEDS_VERIFICATION,public_source,"Show Instagram @qls reported ~176K followers (host @questlove ~3.1M personal). Reported final 'Questlove Supreme'-branded episode aired ~April 30, 2025; the show appears to have continued/rebranded as 'The Questlove Show' on the same feed.",public_source,unclaimed,unverified,https://en.wikipedia.org/wiki/Questlove_Supreme,https://podcasts.apple.com/us/podcast/questlove-supreme/id1485250501,2026-07-23,"iHeartPodcasts show. The 'Questlove Supreme' brand reportedly concluded ~April 2025 and the same Apple feed (id1485250501) now appears as 'The Questlove Show,' so marked active_status 'rebranded.' Advertising handled via iHeart ad sales with dynamic ad insertion; no show-specific advertise page or contact email found."
R&B Money,rb-money,https://blackeffect.com/show/rb-money/,NEEDS_VERIFICATION,https://podcasts.apple.com/us/podcast/r-b-money/id1623212249,https://open.spotify.com/show/03o6WOODHkk6L0y2fYjV9b,https://www.youtube.com/RnBMoneyPodcast,NEEDS_VERIFICATION,"A music-industry interview podcast where two veteran R&B artists and executives discuss the artistry and business behind the genre with guest singers, songwriters, and executives.",Tank|J. Valentine,The Black Effect Podcast Network,network,Music,Music Commentary|Entrepreneurship,music-business|r-and-b|industry-insights|artist-development|interviews,United States,NEEDS_VERIFICATION,NEEDS_VERIFICATION,English,Weekly,2026-05-27,active,NEEDS_VERIFICATION,yes,NEEDS_VERIFICATION,NEEDS_VERIFICATION,,,,USD,NEEDS_VERIFICATION,NEEDS_VERIFICATION,NEEDS_VERIFICATION,NEEDS_VERIFICATION,https://www.instagram.com/rnbmoney/,NEEDS_VERIFICATION,NEEDS_VERIFICATION,NEEDS_VERIFICATION,NEEDS_VERIFICATION,NEEDS_VERIFICATION,NEEDS_VERIFICATION,NEEDS_VERIFICATION,The show's Instagram handle is @rnbmoney; a specific follower count for the show account was not verified (co-host Tank's personal @therealtank is separate at ~2M). YouTube channel is youtube.com/RnBMoneyPodcast.,public_source,unclaimed,unverified,https://blackeffect.com/show/rb-money/,https://podcasts.apple.com/us/podcast/r-b-money/id1623212249,2026-07-23,"Named show for Batch C. Hosted by Grammy-nominated R&B singer Tank and multi-platinum songwriter/executive J. Valentine; a Black Effect Podcast Network / iHeartPodcasts show launched 2022. Genre is primarily R&B/music but the recurring focus is the money and business of the music industry (artist development, deals, publishing), which fits the money/entrepreneurship angle. Recent episodes observed May 2026 (Ron Fair 5/13, Bobby Valentino 5/27), so active. Black Effect/iHeart sells ad inventory (advertising_available yes) but no show-specific ad contact or media kit was found."
Rap Radar,rap-radar,https://rapradarpodcast.substack.com/,NEEDS_VERIFICATION,https://podcasts.apple.com/us/podcast/rap-radar/id1635777933,NEEDS_VERIFICATION,NEEDS_VERIFICATION,NEEDS_VERIFICATION,Hip-hop journalism interview podcast where veteran journalists host long-form conversations with artists across the rap industry.,Elliott Wilson|Brian 'B.Dot' Miller,NEEDS_VERIFICATION,independent,Music (Hip-Hop),Society & Culture|Interviews,hip-hop|rap journalism|music industry|celebrity interviews|Black culture,United States,NEEDS_VERIFICATION,NEEDS_VERIFICATION,English,Weekly,NEEDS_VERIFICATION,active,75,NEEDS_VERIFICATION,NEEDS_VERIFICATION,NEEDS_VERIFICATION,,,,,,NEEDS_VERIFICATION,NEEDS_VERIFICATION,NEEDS_VERIFICATION,NEEDS_VERIFICATION,NEEDS_VERIFICATION,NEEDS_VERIFICATION,NEEDS_VERIFICATION,NEEDS_VERIFICATION,NEEDS_VERIFICATION,NEEDS_VERIFICATION,unknown,Approx 75-minute weekly episodes per aggregator listings. No verified follower/subscriber counts. Substack shows activity as recent as mid-2025.,public_source,unclaimed,unverified,https://podcasts.apple.com/us/podcast/rap-radar/id1635777933,https://rapradarpodcast.substack.com/,2026-07-23,"Founded by journalists Elliott Wilson and Brian 'B.Dot' Miller; originally distributed via Tidal, later relaunched independently with a Substack presence (active as of 2025). There was a publicized falling-out between the hosts; current active status/ongoing collaboration should be re-verified. Network affiliation unclear post-Tidal, treated as independent. Advertising availability not confirmed."
Reasonably Shady,reasonably-shady,https://blackeffect.com/show/reasonably-shady/,NEEDS_VERIFICATION,https://podcasts.apple.com/us/podcast/reasonably-shady/id1558738069,https://open.spotify.com/show/1BCKOX2JLNkr4knWjbCqfT,https://www.youtube.com/channel/UCN13ulwx_Q5b77AHFcWHUaQ,NEEDS_VERIFICATION,"Real Housewives of Potomac stars Gizelle Bryant and Robyn Dixon discuss relationships, motherhood, entrepreneurship, style and pop-culture current events.",Gizelle Bryant|Robyn Dixon,The Black Effect Podcast Network / iHeartPodcasts,network,Society & Culture,Comedy|Relationships,reality-TV culture|women-hosted|relationships and lifestyle|pop-culture commentary,United States,NEEDS_VERIFICATION,,en,weekly,NEEDS_VERIFICATION,NEEDS_VERIFICATION,NEEDS_VERIFICATION,yes,NEEDS_VERIFICATION,NEEDS_VERIFICATION,,,,USD,NEEDS_VERIFICATION,NEEDS_VERIFICATION,https://www.iheartmedia.com/advertise,NEEDS_VERIFICATION,NEEDS_VERIFICATION,NEEDS_VERIFICATION,NEEDS_VERIFICATION,NEEDS_VERIFICATION,NEEDS_VERIFICATION,NEEDS_VERIFICATION,NEEDS_VERIFICATION,no,"No follower counts verified. A general contact address (whatsup@reasonablyshady.com) appears in listings but is a listener/general contact, not a confirmed advertising contact.",public_source,unclaimed,unverified,https://blackeffect.com/show/reasonably-shady/,https://www.iheart.com/podcast/1119-reasonably-shady-82605086/,2026-07-23,"DISCOVERED via iHeart Black Effect roster. Women-hosted (Gizelle Bryant & Robyn Dixon), Black/urban reality-culture + relationships - qualifies. Confirmed ongoing into 2026 (holiday message 'see you in 2026' plus a first-of-2026 episode described), but could NOT pin a specific episode date within the ~120-day window, so active_status left NEEDS_VERIFICATION - almost certainly still active. Advertising via iHeartMedia/Black Effect."
Roommates Show with Jalen Brunson & Josh Hart,roommates-show,NEEDS_VERIFICATION,https://www.omnycontent.com/d/playlist/e73c998e-6e60-432f-8610-ae210140c5b1/45cd9048-7554-43c1-bab6-b3d30103f95a/e53d2649-75cb-4ac4-b853-b3d30103f975/podcast.rss,https://podcasts.apple.com/us/podcast/roommates-show-with-jalen-brunson-josh-hart/id1729497779,https://open.spotify.com/show/6rklSmvQReT5tyrQd6gsaT,https://www.youtube.com/@Roommates_Show,NEEDS_VERIFICATION,"New York Knicks teammates and former college roommates Jalen Brunson and Josh Hart talk basketball, friendship, and life with co-host Matt Hillman.",Jalen Brunson|Josh Hart|Matt Hillman,Playmaker / iHeartPodcasts,network,Sports,Basketball|Culture|Interview,athlete-hosted|NBA culture|Black culture-forward|sports-culture,United States,New York,New York,English,weekly,NEEDS_VERIFICATION,active,NEEDS_VERIFICATION,yes,NEEDS_VERIFICATION,,,,,,,NEEDS_VERIFICATION,NEEDS_VERIFICATION,NEEDS_VERIFICATION,NEEDS_VERIFICATION,NEEDS_VERIFICATION,NEEDS_VERIFICATION,NEEDS_VERIFICATION,NEEDS_VERIFICATION,NEEDS_VERIFICATION,NEEDS_VERIFICATION,no,"Hosted by Knicks stars Jalen Brunson and Josh Hart with co-host Matt Hillman; filmed from 'Room 311.' Produced by Playmaker and iHeartPodcasts, new episodes Thursdays. Reported to be in its third season, indicating current activity. Specific subscriber/follower counts were not surfaced.",public_source,unclaimed,unverified,https://www.listennotes.com/podcasts/roommates-show-with-jalen-brunson-josh-hart-8emoXT9Cd-M/,https://secondroundfoundation.org/spotlight/roommates-show-podcast/,2026-07-23,"DISCOVERED show. Qualifies as an athlete-hosted NBA sports-culture podcast with a strong Black/urban-culture audience; hosted by two active Knicks stars. Weekly (Thursdays), Playmaker + iHeartPodcasts, reportedly in Season 3 (active). Omny RSS URL captured from search listing. Social follower and YouTube subscriber counts, exact latest-episode date, and advertising contact could not be verified (egress policy blocked Apple/YouTube/RSS fetches) - flag for re-verification."
The Breakfast Club,the-breakfast-club,https://thebreakfastclub.iheart.com/,NEEDS_VERIFICATION,https://podcasts.apple.com/us/podcast/the-breakfast-club/id1232428553,NEEDS_VERIFICATION,https://www.youtube.com/channel/UChi08h4577eFsNXGd3sxYhw,NEEDS_VERIFICATION,"Long-running syndicated morning radio interview show covering hip-hop, celebrity news and culture.",DJ Envy|Charlamagne Tha God|Jess Hilarious,The Black Effect Podcast Network / iHeartPodcasts,network,Music (Hip-Hop),Society & Culture|News & Interviews,hip-hop|urban culture|celebrity interviews|Black culture|morning radio,United States,New York,New York,English,Daily (weekdays),NEEDS_VERIFICATION,active,NEEDS_VERIFICATION,yes,NEEDS_VERIFICATION,NEEDS_VERIFICATION,,,,,,NEEDS_VERIFICATION,NEEDS_VERIFICATION,NEEDS_VERIFICATION,https://www.instagram.com/breakfastclubam/,NEEDS_VERIFICATION,NEEDS_VERIFICATION,5910000,NEEDS_VERIFICATION,NEEDS_VERIFICATION,NEEDS_VERIFICATION,public_source,YouTube channel 'Breakfast Club Power 105.1 FM' reported ~5.91M subscribers (vidIQ/Social Blade third-party trackers). Show surpassed 1 billion podcast downloads per iHeartMedia press release. Reaches 4M+ listeners across 80+ radio markets.,public_source,unclaimed,unverified,https://www.iheartmedia.com/press/iheartmedia-and-black-effect-podcast-networks-breakfast-club-surpasses-major-milestone-one,https://podcasts.apple.com/us/podcast/the-breakfast-club/id1232428553,2026-07-23,"Current on-air lineup is DJ Envy, Charlamagne Tha God, and Jess Hilarious (Jessica Moore); co-founder Angela Yee departed in 2022. Part of Charlamagne's Black Effect Podcast Network under iHeart, which handles ad sales. Instagram handle @breakfastclubam is the commonly cited official account but follower count not verified; multiple related IG accounts exist. YouTube subscriber figure from third-party trackers, not directly confirmed on-platform."
The Brilliant Idiots,brilliant-idiots,http://thebrilliantidiots.squarespace.com/,NEEDS_VERIFICATION,https://podcasts.apple.com/us/podcast/the-brilliant-idiots/id862717788,NEEDS_VERIFICATION,https://www.youtube.com/@BrilliantIdiotsPod,NEEDS_VERIFICATION,"A comedy and current-events podcast hosted by Charlamagne Tha God and comedian Andrew Schulz debating culture, race, and news.",Charlamagne Tha God|Andrew Schulz,Loud Speakers Network / iHeart Black Effect,network,Comedy,Society & Culture|News Commentary|Hip-Hop,comedy|black-culture|hip-hop|current-events|urban,US,NY,New York,en,weekly,NEEDS_VERIFICATION,active,NEEDS_VERIFICATION,yes,host-read ad|sponsorship,NEEDS_VERIFICATION,,,,USD,NEEDS_VERIFICATION,NEEDS_VERIFICATION,NEEDS_VERIFICATION,NEEDS_VERIFICATION,https://www.instagram.com/thebrilliantidiots/,NEEDS_VERIFICATION,NEEDS_VERIFICATION,NEEDS_VERIFICATION,252000,NEEDS_VERIFICATION,NEEDS_VERIFICATION,public_source,"Instagram @thebrilliantidiots reported ~252K followers. YouTube channel active with reported ~1.21M views in a recent 30-day window, but total subscriber count not confirmed. Show states it only advertises products/services it believes in.",public_source,unclaimed,unverified,https://en.wikipedia.org/wiki/The_Brilliant_Idiots,https://www.iheart.com/podcast/215-the-brilliant-idiots-27227627/,2026-07-23,Distributed via Loud Speakers Network and available through Charlamagne's iHeart Black Effect Network. Show explicitly runs sponsor reads. No public advertise page/email found; total YouTube subs unconfirmed. Multiple YouTube channels exist (main + clips).
The Donnie Houston Podcast,the-donnie-houston-podcast,NEEDS_VERIFICATION,NEEDS_VERIFICATION,https://podcasts.apple.com/us/podcast/the-donnie-houston-podcast/id1313971445,https://open.spotify.com/show/2YAZFy4PmLxZwuiK7JLZQx,NEEDS_VERIFICATION,NEEDS_VERIFICATION,"A Houston-based music interview show where host Donnie Houston talks with artists, producers and key figures shaping the city's hip-hop and music culture.",Donnie Houston,,independent,Music,Society & Culture,Houston hip-hop|artist and producer interviews|Southern rap culture|independent music,United States,Texas,Houston,English,NEEDS_VERIFICATION,NEEDS_VERIFICATION,active,NEEDS_VERIFICATION,NEEDS_VERIFICATION,NEEDS_VERIFICATION,NEEDS_VERIFICATION,,,,,,NEEDS_VERIFICATION,https://www.instagram.com/donniehoustonpodcast/,NEEDS_VERIFICATION,https://www.instagram.com/donniehoustonpodcast/,NEEDS_VERIFICATION,NEEDS_VERIFICATION,NEEDS_VERIFICATION,11000,NEEDS_VERIFICATION,NEEDS_VERIFICATION,partial,"Search of the official @donniehoustonpodcast Instagram reports ~11K followers and ~1,000 posts. Long-running Houston music-interview show; YouTube subscriber count and download data not verified.",public_source,unclaimed,unverified,https://podcasts.apple.com/us/podcast/the-donnie-houston-podcast/id1313971445,https://www.instagram.com/donniehoustonpodcast/,2026-07-23,"DISCOVERY - Houston market. Independent, host-driven music/hip-hop interview show run by Donnie Houston (@imdonniehouston), a self-described Bayou City native. Available on YouTube, Apple, Spotify, SoundCloud. Accessible independent operator (single host) - good sponsorship-outreach candidate but no public ad contact/email found. Official website, exact publishing cadence and latest-episode date need verification; recent 2025 Instagram activity indicates it is active."
The Jason Lee Podcast (Hollywood Unlocked),the-jason-lee-podcast-hollywood-unlocked,https://hollywoodunlocked.com/,NEEDS_VERIFICATION,https://podcasts.apple.com/us/podcast/the-jason-lee-podcast/id1319481363,https://open.spotify.com/show/6gKK3Mb8BvoQmRQl27FD9l,NEEDS_VERIFICATION,NEEDS_VERIFICATION,Media personality Jason Lee hosts candid interviews with entertainers and covers entertainment and celebrity culture news.,Jason Lee,Hollywood Unlocked / iHeartPodcasts,network,TV & Film,Society & Culture|Entertainment News,celebrity news|entertainment interviews|urban culture|pop culture commentary,United States,California,Los Angeles,en,multiple episodes per week,2026-06-29,active,NEEDS_VERIFICATION,yes,NEEDS_VERIFICATION,NEEDS_VERIFICATION,,,,USD,NEEDS_VERIFICATION,NEEDS_VERIFICATION,https://www.iheartmedia.com/advertise,NEEDS_VERIFICATION,https://www.instagram.com/jasonleeshow/,NEEDS_VERIFICATION,NEEDS_VERIFICATION,NEEDS_VERIFICATION,552000,NEEDS_VERIFICATION,NEEDS_VERIFICATION,public_source,Reported per search results: show/host account @jasonleeshow ~552K IG; Hollywood Unlocked brand @hollywoodunlocked ~3.6M IG; personal @theonlyjasonlee ~1M IG. YouTube interviews reported to average 'millions of views' but no verified subscriber number. Figures from search summaries; verify on-platform.,public_source,unclaimed,unverified,https://hollywoodunlocked.com/tag/jason-lee/,https://en.wikipedia.org/wiki/Jason_Lee_(host),2026-07-23,"NOTE: This is a MALE-hosted show (Jason Lee) - it does NOT fit the women-hosted focus, but is included because it was explicitly named in Batch D. Formerly 'Hollywood Unlocked with Jason Lee,' now branded 'The Jason Lee Podcast.' Distributed via iHeartPodcasts. Most recent episode ~June 29, 2026 (S2E134) - active. Advertising via iHeartMedia; no show-specific ad email publicly listed. RSS/artwork/exact cadence unverified due to egress-blocked directories."
The Joe Budden Podcast,the-joe-budden-podcast,NEEDS_VERIFICATION,NEEDS_VERIFICATION,https://podcasts.apple.com/us/podcast/the-joe-budden-podcast/id1535809341,NEEDS_VERIFICATION,https://www.youtube.com/channel/UC23_r1bpkTWaBltbXsQxysA,NEEDS_VERIFICATION,A long-running culture and hip-hop commentary podcast led by rapper and media personality Joe Budden and co-hosts.,Joe Budden|Ice|Ish|Parks|QueenzFlip,The Joe Budden Network,network,Music Commentary,Hip-Hop|Culture|Entertainment News,hip-hop|black-culture|music-industry|urban|pop-culture,US,NJ,NEEDS_VERIFICATION,en,multiple times per week,NEEDS_VERIFICATION,active,NEEDS_VERIFICATION,yes,host-read ad|sponsorship,NEEDS_VERIFICATION,,,,USD,NEEDS_VERIFICATION,NEEDS_VERIFICATION,NEEDS_VERIFICATION,NEEDS_VERIFICATION,https://www.instagram.com/thejoebuddenpod/,NEEDS_VERIFICATION,NEEDS_VERIFICATION,1560000,369000,NEEDS_VERIFICATION,NEEDS_VERIFICATION,public_source,"Joe Budden TV YouTube reported at 1.56M subscribers (via vidIQ, Oct 2025); Instagram @thejoebuddenpod reported at 369K. Network reported 70,000+ paid Patreon subscribers and ~$20M annual revenue; network sells its own ads in-house.",public_source,unclaimed,unverified,https://en.wikipedia.org/wiki/The_Joe_Budden_Podcast,https://vidiq.com/youtube-stats/channel/UC23_r1bpkTWaBltbXsQxysA/,2026-07-23,"Independent-owned Joe Budden Network. The network reportedly sells its own advertising in-house and caps sponsor count; no public advertise-with-us page or contact email found, so ad contact fields left NEEDS_VERIFICATION. Spotify URL, RSS, and official standalone website not confirmed."
The Morning Hustle,the-morning-hustle,https://themorninghustle.com/,NEEDS_VERIFICATION,NEEDS_VERIFICATION,NEEDS_VERIFICATION,https://www.youtube.com/channel/UCRlBTUTPc8XfERzsRkWNILQ,NEEDS_VERIFICATION,"A nationally syndicated urban morning radio show and daily podcast covering hip-hop, entertainment, and pop culture.",Kyle Santillian|Lore'l|Angie Ange|Billy Sorrells,Reach Media / Urban One,network,Society & Culture,Music|Entertainment|Hip-Hop|Talk Radio,black-culture|hip-hop|urban|millennial|gen-z,US,TX,Dallas,en,daily (weekdays),NEEDS_VERIFICATION,active,NEEDS_VERIFICATION,yes,host-read ad|sponsorship|radio spot,NEEDS_VERIFICATION,,,,USD,NEEDS_VERIFICATION,NEEDS_VERIFICATION,NEEDS_VERIFICATION,NEEDS_VERIFICATION,https://www.instagram.com/morninghustleshow/,NEEDS_VERIFICATION,NEEDS_VERIFICATION,NEEDS_VERIFICATION,112000,NEEDS_VERIFICATION,NEEDS_VERIFICATION,public_source,"Instagram @morninghustleshow reported ~112K followers. Nationally syndicated, heard in ~30 urban markets, produced by Urban One's Reach Media. YouTube subscriber count not confirmed.",public_source,unclaimed,unverified,https://www.urban1podcasts.com/the-morning-hustle,https://themorninghustle.com/,2026-07-23,Reach Media / Urban One syndicated morning show and podcast. Advertising handled at network level via Reach Media/Urban One; no show-specific advertise page or contact email found. Host lineup has changed over time; Kyle Santillian and Lore'l are current core hosts. Apple/Spotify podcast URLs not confirmed.
The OGs,the-ogs,NEEDS_VERIFICATION,https://feeds.acast.com/public/shows/66d1e062c5079dde6145bde4,https://podcasts.apple.com/us/podcast/the-ogs/id1721767820,https://open.spotify.com/show/04h2xCNkuVicIgfQQADeP6,https://www.youtube.com/channel/UCrUJ2hRTGLEaozZZ8cp5u0A,NEEDS_VERIFICATION,"NBA champions and former teammates Udonis Haslem and Mike Miller share unfiltered hoops takes, stories, and guest conversations each week.",Udonis Haslem|Mike Miller,Playmaker HQ / iHeartPodcasts,network,Sports,Basketball|Culture|Interview,athlete-hosted|NBA culture|Black culture-forward|sports-culture,United States,Florida,Miami,English,weekly,NEEDS_VERIFICATION,NEEDS_VERIFICATION,NEEDS_VERIFICATION,yes,NEEDS_VERIFICATION,,,,,,,NEEDS_VERIFICATION,NEEDS_VERIFICATION,NEEDS_VERIFICATION,https://www.instagram.com/theogsshow/,NEEDS_VERIFICATION,https://x.com/theOGsShow,NEEDS_VERIFICATION,72000,NEEDS_VERIFICATION,NEEDS_VERIFICATION,no,"Instagram @theogsshow ~72K followers. Presented by DraftKings, new episodes historically every Tuesday. Most recently confirmable episodes were from Aug 2025; 2026 activity could not be verified, so active_status is left unverified.",public_source,unclaimed,unverified,https://www.prnewswire.com/news-releases/playmaker-hq-introduces-original-series-the-ogs-with-udonis-haslem-and-mike-miller-302018113.html,https://www.actionnetwork.com/nba/nba-vets-udonis-haslem-mike-miller-launch-the-ogs-podcast-with-playmaker-hq,2026-07-23,"Athlete-hosted NBA sports-culture show, strong Black/urban-culture positioning; Playmaker HQ original distributed via iHeartPodcasts (Acast RSS). Weekly, presented by DraftKings. Latest verifiable episodes were Aug 2025; could not confirm a 2026 episode within the ~120-day window (egress policy blocked Apple/YouTube/RSS), so active_status and most_recent_episode_date are marked NEEDS_VERIFICATION. IG ~72K; YouTube subscriber count not surfaced."
The Pivot Podcast,the-pivot-podcast,https://pivotpodcast.com/,NEEDS_VERIFICATION,https://podcasts.apple.com/us/podcast/pivot-podcast/id1603292451,NEEDS_VERIFICATION,https://www.youtube.com/c/ThePivotPodcast,NEEDS_VERIFICATION,"Former NFL players Ryan Clark, Fred Taylor, and Channing Crowder host in-depth conversations with athletes and entertainers on sports, culture, and life.",Ryan Clark|Fred Taylor|Channing Crowder,NEEDS_VERIFICATION,independent,Sports,Football|Culture|Interview,athlete-hosted|NFL culture|Black culture-forward|sports-culture,United States,NEEDS_VERIFICATION,NEEDS_VERIFICATION,English,weekly,NEEDS_VERIFICATION,active,NEEDS_VERIFICATION,yes,NEEDS_VERIFICATION,,,,,,,NEEDS_VERIFICATION,NEEDS_VERIFICATION,NEEDS_VERIFICATION,https://www.instagram.com/thepivot/,NEEDS_VERIFICATION,NEEDS_VERIFICATION,1400000,676000,NEEDS_VERIFICATION,NEEDS_VERIFICATION,no,YouTube reported ~1.4M subscribers and ~445M total views; Instagram @thepivot ~676K followers. Podcast is now operated independently after its multi-year Fanatics sponsorship ended in early 2025.,public_source,unclaimed,unverified,https://boardroom.tv/the-pivot-podcast/,https://barrettmedia.com/2025/01/23/fanatics-pivot-podcast-parting-ways-just-8-months-after-multi-year-agreement/,2026-07-23,"Athlete-hosted NFL sports-culture show with strong Black/urban-culture positioning. Split from Fanatics sponsorship in Jan 2025; classified independent because no current parent network was confirmed (owns pivotpodcast.com and its own shop). Site fetch blocked by egress policy, so advertising email/contact, most-recent episode date, RSS/Spotify, and location were not directly verifiable. YouTube ~1.4M subs and IG ~676K seen in search aggregation."
The Rap Music Plug Podcast,the-rap-music-plug-podcast,https://rmpp.squarespace.com/,NEEDS_VERIFICATION,https://podcasts.apple.com/us/podcast/the-rap-music-plug-podcast/id1527457780,https://open.spotify.com/show/2F50OqBfd3njijudj0RP2Q,https://www.youtube.com/channel/UCBJDTjRt722xgAHFIp_LM5w,NEEDS_VERIFICATION,"A Chicago-based show delivering in-depth artist interviews, album reviews and commentary on the underground rap scene.",Rohan,QLC TV,independent,Music,Society & Culture,underground hip-hop|artist interviews and album reviews|Chicago rap|indie rap commentary,United States,Illinois,Chicago,English,NEEDS_VERIFICATION,NEEDS_VERIFICATION,active,NEEDS_VERIFICATION,NEEDS_VERIFICATION,NEEDS_VERIFICATION,NEEDS_VERIFICATION,,,,,,NEEDS_VERIFICATION,https://rmpp.squarespace.com/contact-the-show,qlctv.podcast@gmail.com,https://www.instagram.com/rapmusicplugpod/,NEEDS_VERIFICATION,https://twitter.com/rapmusicplugpod,NEEDS_VERIFICATION,NEEDS_VERIFICATION,NEEDS_VERIFICATION,NEEDS_VERIFICATION,no,"Independent underground-rap show presented by QLC TV; a public contact-page email (qlctv.podcast@gmail.com) and a Patreon exist, but specific follower/subscriber counts are not verified.",public_source,unclaimed,unverified,https://rmpp.squarespace.com/,https://podcasts.apple.com/us/podcast/the-rap-music-plug-podcast/id1527457780,2026-07-23,"DISCOVERY - Chicago market. Independent underground/indie-rap interview and review show hosted by 'Rohan' (The Rap Music Plug) under the QLC TV banner. Public contact page lists qlctv.podcast@gmail.com (general/booking email - treated as the closest public advertising contact) and a Patreon (patreon.com/therapmusicplugpodcast). Socials @rapmusicplugpod on IG/X. Accessible independent operator planning bigger 2026 events/guests. Follower counts, RSS, cadence and latest-episode date need verification."
The Read,the-read,http://thisistheread.com/,NEEDS_VERIFICATION,https://podcasts.apple.com/us/podcast/the-read/id619369512,https://open.spotify.com/show/1YZW7v12Ty11OSJ2hoIXtG,NEEDS_VERIFICATION,NEEDS_VERIFICATION,"A weekly hip-hop and pop-culture commentary podcast hosted by Kid Fury and Crissle West, including listener advice segments.",Kid Fury|Crissle West,Loud Speakers Network,network,Comedy,Society & Culture|Hip-Hop|Pop Culture,black-culture|lgbtq|pop-culture|hip-hop|comedy,US,NY,New York,en,weekly,NEEDS_VERIFICATION,active,NEEDS_VERIFICATION,yes,host-read ad|sponsorship,NEEDS_VERIFICATION,,,,USD,NEEDS_VERIFICATION,NEEDS_VERIFICATION,NEEDS_VERIFICATION,NEEDS_VERIFICATION,https://www.instagram.com/thisistheread/,NEEDS_VERIFICATION,NEEDS_VERIFICATION,NEEDS_VERIFICATION,NEEDS_VERIFICATION,NEEDS_VERIFICATION,NEEDS_VERIFICATION,public_source,As of ~2019 reportedly 85M+ total listens and ~1.5M monthly unique listens (older figure). Current Instagram/YouTube follower counts not confirmed. Ad-free version offered via SiriusXM Podcasts+.,public_source,unclaimed,unverified,https://en.wikipedia.org/wiki/The_Read,https://open.spotify.com/show/1YZW7v12Ty11OSJ2hoIXtG,2026-07-23,"Loud Speakers Network show hosted on Simplecast (AdsWizz), which typically handles ad sales. No dedicated advertise page or contact email publicly confirmed. Merch at shoptheread.com; hosts also run Patreon."
The Trap Nerds Podcast,the-trap-nerds-podcast,https://blackeffect.com/show/the-trap-nerds-podcast/,NEEDS_VERIFICATION,https://podcasts.apple.com/us/podcast/the-trap-nerds-podcast/id1530599950,https://open.spotify.com/show/0t2FPV7syCKWcrLJp1Htho,https://www.youtube.com/channel/UCcy69cGqe-o9E268FdF4vfg,NEEDS_VERIFICATION,"An Atlanta-based show where four self-described nerds from the hood discuss comics, anime, gaming, sci-fi, sports and current events through a Black-culture lens.",Dre|Eli|Tony|Exavier,The Black Effect Podcast Network (iHeartPodcasts),network,Society & Culture,Comedy|Pop Culture,Black nerd culture|comics and anime fans|hip-hop-adjacent pop culture|Atlanta,United States,Georgia,Atlanta,English,weekly,NEEDS_VERIFICATION,active,NEEDS_VERIFICATION,yes,NEEDS_VERIFICATION,NEEDS_VERIFICATION,,,,,,NEEDS_VERIFICATION,https://blackeffect.com/,NEEDS_VERIFICATION,https://www.instagram.com/thetrapnerdspodcast/,NEEDS_VERIFICATION,NEEDS_VERIFICATION,NEEDS_VERIFICATION,2271,NEEDS_VERIFICATION,NEEDS_VERIFICATION,no,"Instagram follower count (~2,271) reported via search of the official @thetrapnerdspodcast profile; YouTube subscriber count not confirmed. Distributed on Charlamagne Tha God's Black Effect Network, so advertising is sold through iHeart's network sales.",public_source,unclaimed,unverified,https://blackeffect.com/show/the-trap-nerds-podcast/,https://podcasts.apple.com/us/podcast/the-trap-nerds-podcast/id1530599950,2026-07-23,"SEED. Atlanta market. Black-culture nerd/pop-culture show on the Black Effect Podcast Network (iHeartPodcasts). Hosts identified from public listings as Dre (@popcorndazombie), Eli (@ebaku2000), Tony (@VxVash) and Exavier (@exmanpg). New episodes weekly (Mondays). Network-sold advertising via iHeart; no show-specific ad contact publicly listed. RSS, artwork, exact recent-episode date and YT subscriber count need verification (Apple/YouTube pages blocked by egress policy)."
THFCTRY Radio,thfctry-radio,NEEDS_VERIFICATION,NEEDS_VERIFICATION,https://podcasts.apple.com/us/podcast/thfctry-radio/id1596390388,https://open.spotify.com/show/52ECDC3JO6AJ3mxJRj6Jgp,NEEDS_VERIFICATION,NEEDS_VERIFICATION,"A weekly DMV music-discovery show featuring exclusive interviews and premieres from rising DC, Maryland and Virginia hip-hop artists and DJs.",Matt Jackson|Avery Showell (The Shogun Supreme),THFCTRY,independent,Music,Society & Culture,DMV hip-hop|music discovery and premieres|emerging artists and DJs|DC/Maryland/Virginia,United States,DMV (DC/MD/VA),Washington,English,weekly,NEEDS_VERIFICATION,active,NEEDS_VERIFICATION,NEEDS_VERIFICATION,NEEDS_VERIFICATION,NEEDS_VERIFICATION,,,,,,NEEDS_VERIFICATION,https://www.instagram.com/thfctry/,NEEDS_VERIFICATION,https://www.instagram.com/thfctry/,NEEDS_VERIFICATION,NEEDS_VERIFICATION,NEEDS_VERIFICATION,NEEDS_VERIFICATION,NEEDS_VERIFICATION,NEEDS_VERIFICATION,no,Independent DMV music-discovery platform; the podcast is recorded at the Eaton Hotel in DC and paired with a monthly NTS Radio mixtape series (FCTRY RESET). Specific follower/subscriber counts not verified.,public_source,unclaimed,unverified,https://podcasts.apple.com/us/podcast/thfctry-radio/id1596390388,https://districtfray.com/articles/thfctry-retro-flair-local-radio/,2026-07-23,"DISCOVERY - DMV (Washington DC) market. Independent, artist-run music-discovery show 'THFCTRY Radio' led by Bowie, MD natives Matt Jackson and Avery 'The Shogun Supreme' Showell, spotlighting rising DMV hip-hop artists and DJs with weekly interviews/premieres, recorded at DC's Eaton Hotel. Also produces the monthly NTS Radio series FCTRY RESET (episodes through at least Feb 2025). Instagram @thfctry. Accessible independent operators. Official website, YouTube, exact recent-episode date and ad contact need verification."
Two Funny Mamas,two-funny-mamas,https://www.mochapodcastsnetwork.com/twofunnymamas,NEEDS_VERIFICATION,https://podcasts.apple.com/us/podcast/two-funny-mamas/id1511640923,https://open.spotify.com/show/1YeoO8oP2Dfvfn32lcsClZ,https://www.youtube.com/@TwoFunnyMamas,NEEDS_VERIFICATION,"Comedians Sherri Shepherd and Kym Whitley blend comedy with talk on culture, sisterhood, motherhood and life for working women.",Sherri Shepherd|Kym Whitley,Mocha Podcasts Network,network,Comedy,Society & Culture|Comedy Interviews,women-hosted|comedy|Black sisterhood|motherhood and lifestyle,United States,California,Los Angeles,en,weekly,NEEDS_VERIFICATION,active,NEEDS_VERIFICATION,yes,NEEDS_VERIFICATION,NEEDS_VERIFICATION,,,,USD,NEEDS_VERIFICATION,NEEDS_VERIFICATION,https://www.mochapodcastsnetwork.com/,NEEDS_VERIFICATION,https://www.instagram.com/twofunnymamas/,NEEDS_VERIFICATION,NEEDS_VERIFICATION,NEEDS_VERIFICATION,NEEDS_VERIFICATION,NEEDS_VERIFICATION,NEEDS_VERIFICATION,no,"Show Instagram @twofunnymamas (host handles @SherriEShepherd, @KymWhitley). No follower counts verified. Show holds three NAACP Image Awards (2022, 2023, 2025) per search results.",public_source,unclaimed,unverified,https://www.mochapodcastsnetwork.com/twofunnymamas,https://podcasts.apple.com/us/podcast/two-funny-mamas/id1511640923,2026-07-23,DISCOVERED via podcast charts / network rosters. Women-hosted (Sherri Shepherd & Kym Whitley) Black comedy/culture show - qualifies. Weekly; confirmed June 2026 episodes (ep262 'Player's Club to First Lady' with LisaRaye; ep263 with Tisha Campbell guest-hosting) - active within window. Distributed via Mocha Podcasts Network. Advertising contact not specifically listed; network site given. Exact most-recent date not captured.
Way Up With Angela Yee,way-up-with-angela-yee,https://wayupwithyee.iheart.com/,NEEDS_VERIFICATION,https://podcasts.apple.com/us/podcast/way-up-with-angela-yee/id1670193102,https://open.spotify.com/show/4N2IHfmpw9bePgZNyKN3Ec,https://www.youtube.com/channel/UCJVR_M2dXZT6uXIapYGHtTA,NEEDS_VERIFICATION,"Radio and media host Angela Yee leads a fast-paced, listener-interactive show covering relationships, hip-hop and R&B, hot topics and celebrity interviews.",Angela Yee,iHeartPodcasts,network,Society & Culture,Music|Comedy,hip-hop culture|relationships|women-hosted|urban lifestyle|celebrity interviews,United States,New York,New York,en,weekdays,2026-07-06,active,NEEDS_VERIFICATION,yes,host-read ad|sponsorship|radio spot,NEEDS_VERIFICATION,,,,USD,NEEDS_VERIFICATION,NEEDS_VERIFICATION,https://www.iheartmedia.com/advertise,NEEDS_VERIFICATION,https://www.instagram.com/wayupwithyee/,NEEDS_VERIFICATION,NEEDS_VERIFICATION,NEEDS_VERIFICATION,241000,NEEDS_VERIFICATION,NEEDS_VERIFICATION,public_source,Reported per search results: show account @wayupwithyee ~241K IG; host @angelayee ~2M IG. YouTube channel active since Aug 2022. Figures from search summaries; verify on-platform.,public_source,unclaimed,unverified,https://wayupwithyee.iheart.com/,https://podcasts.apple.com/us/podcast/way-up-with-angela-yee/id1670193102,2026-07-23,"DISCOVERED via iHeart roster / culture charts. Daily nationally-syndicated radio show (10am-2pm ET, Power 105.1 origin) distributed as an iHeart podcast. Most recent episode confirmed July 6, 2026 - clearly active. Angela Yee (ex-Breakfast Club) is a leading woman voice in hip-hop/urban culture; strong fit for women-hosted Black/urban culture. Advertising via iHeartMedia. | MERGED from batches B+D"
We In Miami Podcast,we-in-miami-podcast,https://weinmiami.com/,NEEDS_VERIFICATION,https://podcasts.apple.com/us/podcast/we-in-miami-podcast/id1613905534,https://open.spotify.com/show/2SGtvAfE2A5iEvvUCAXWKp,https://www.youtube.com/channel/UCiKAlktth67ey2CanQKc4RA,NEEDS_VERIFICATION,"A Miami-based hip-hop and entertainment show featuring celebrity interviews, culture commentary, relationship talk and the city's hottest topics.",Stunt Lifestyle,,independent,Society & Culture,Music|Comedy,Miami hip-hop and entertainment|celebrity interviews|urban culture and lifestyle|South Florida,United States,Florida,Miami,English,weekly,NEEDS_VERIFICATION,active,NEEDS_VERIFICATION,yes,NEEDS_VERIFICATION,NEEDS_VERIFICATION,,,,,,NEEDS_VERIFICATION,https://weinmiami.com/,weinmiamipodcast@gmail.com,https://www.instagram.com/weinmiamipodcast/,NEEDS_VERIFICATION,NEEDS_VERIFICATION,518000,113000,NEEDS_VERIFICATION,NEEDS_VERIFICATION,partial,"Search of official platforms reports ~518K YouTube subscribers and ~113K Instagram followers (@weinmiamipodcast). A public business-inquiries email (weinmiamipodcast@gmail.com) is listed, indicating advertising/booking access.",public_source,unclaimed,unverified,https://weinmiami.com/,https://www.youtube.com/channel/UCiKAlktth67ey2CanQKc4RA,2026-07-23,"DISCOVERY - Miami market. Independent, video-first hip-hop/entertainment show hosted by Stunt Lifestyle, active 2022-2026. Strong verifiable metrics: ~518K YouTube subscribers and ~113K Instagram followers per platform search. Public business-inquiries email weinmiamipodcast@gmail.com listed (advertising_available marked yes on that basis). Official sites weinmiami.com and stuntlifestyle.com. Recent high-profile guests (e.g., Trina). Latest-episode date, exact cadence and TikTok/X handles need verification."
Woman Evolve with Sarah Jakes Roberts,woman-evolve-with-sarah-jakes-roberts,https://www.iheart.com/podcast/1119-woman-evolve-with-sarah-j-31067993/,NEEDS_VERIFICATION,https://podcasts.apple.com/us/podcast/woman-evolve-with-sarah-jakes-roberts/id1316294579,https://open.spotify.com/show/0Z0aeaNMZb05X3FDHX1yBw,NEEDS_VERIFICATION,NEEDS_VERIFICATION,"Pastor and author Sarah Jakes Roberts blends faith, contemporary culture and spiritual wellness with personal reflections and guest conversations aimed at women.",Sarah Jakes Roberts,The Black Effect Podcast Network / iHeartPodcasts,network,Religion & Spirituality,Society & Culture|Self-Improvement,women-hosted|faith and spirituality|self-improvement|culture and wellness,United States,NEEDS_VERIFICATION,,en,weekly (Wednesdays),NEEDS_VERIFICATION,active,NEEDS_VERIFICATION,yes,NEEDS_VERIFICATION,NEEDS_VERIFICATION,,,,USD,NEEDS_VERIFICATION,NEEDS_VERIFICATION,https://www.iheartmedia.com/advertise,NEEDS_VERIFICATION,NEEDS_VERIFICATION,NEEDS_VERIFICATION,NEEDS_VERIFICATION,NEEDS_VERIFICATION,NEEDS_VERIFICATION,NEEDS_VERIFICATION,NEEDS_VERIFICATION,no,"No follower counts verified. Associated brand accounts (@womanevolve, @sarahjakesroberts) exist but counts were not captured.",public_source,unclaimed,unverified,https://www.iheartmedia.com/press/new-approach-life-health-and-spiritual-wellness-woman-evolve-sarah-jakes-roberts-join-black,https://podcasts.apple.com/us/podcast/woman-evolve-with-sarah-jakes-roberts/id1316294579,2026-07-23,"DISCOVERED via iHeart Black Effect roster (joined Black Effect Jan 10). Women-hosted, Black-culture faith/lifestyle - qualifies (lifestyle/culture category). Weekly Wednesday releases; 2026 episodes confirmed (Jan 2026 episode plus a recent episode referencing recovery from neck surgery and postponing Woman Evolve Conference 2026, guest Jekalyn Carr) - appears active, but exact most-recent date not captured. Advertising via iHeartMedia/Black Effect."
